Item Name,Item ID,Buyer Name,Universalis URL,Price per unit,Quantity,Timestamp
Animal Skin,5291,Niltz Danail,https://universalis.app/market/5291,2000000,1,2023-05-25T10:10:28.000Z
Animal Sinew,5318,A'dara Rosewood,https://universalis.app/market/5318,110,1,2023-06-10T03:48:42.000Z
Shriekshroom,4794,Aoi Hoshino,https://universalis.app/market/4794,10,11,2023-06-05T05:39:30.000Z
Honey,4850,Ribbit Izsick,https://universalis.app/market/4850,3000000,5,2023-06-01T01:55:47.000Z
Ram Horn,5434,Tammo Mae,https://universalis.app/market/5434,700,5,2023-05-23T22:07:29.000Z
Beastkin Blood,5492,Kyoki Amaru,https://universalis.app/market/5492,36,33,2023-06-03T13:49:35.000Z
Marmot Meat,4758,Shade Malkovich,https://universalis.app/market/4758,100,1,2023-05-20T12:10:21.000Z
Animal Hide,5292,Morivon Dalakrul,https://universalis.app/market/5292,100,12,2023-05-30T19:38:45.000Z
Mutton Loin,4759,Ruth Ramoth,https://universalis.app/market/4759,1,99,2023-06-04T23:02:28.000Z
Bat Fang,5442,Aric Leifur,https://universalis.app/market/5442,1500,1,2023-05-22T19:45:45.000Z
Red Landtrap Leaf,5548,Ms Eldari,https://universalis.app/market/5548,1494,2,2023-05-22T19:40:36.000Z
Beast Sinew,5319,Fuji Yokimoni,https://universalis.app/market/5319,399,9,2023-06-01T03:12:21.000Z
Dodo Tenderloin,4760,Ms Eldari,https://universalis.app/market/4760,310,2,2023-05-16T12:57:22.000Z
Jellyfish Cnida,5556,Astraea Eilinora,https://universalis.app/market/5556,100000,1,2023-05-17T04:24:31.000Z
Mole Meat,4761,Ms Eldari,https://universalis.app/market/4761,1000,2,2023-05-27T04:03:14.000Z
Puk Wing,5550,Vivarum Hex,https://universalis.app/market/5550,2000000,1,2023-05-24T04:14:24.000Z
Viscous Secretions,5495,Saad Maan,https://universalis.app/market/5495,441,8,2023-05-28T00:23:21.000Z
Dodo Egg,4773,Kazan Fallen,https://universalis.app/market/4773,5000,44,2023-06-03T05:19:51.000Z
Bat Wing,5551,Vickaria Tatsuya,https://universalis.app/market/5551,495,1,2023-05-27T20:36:15.000Z
Antelope Horn,5435,Lulu Djt-hallon,https://universalis.app/market/5435,2800,1,2023-05-15T06:13:26.000Z
Goobbue Fang,5446,Clunt Flomp,https://universalis.app/market/5446,25,1,2023-06-07T20:23:21.000Z
Yellow Yarzon Leg,5454,Denji Usagi,https://universalis.app/market/5454,100,1,2023-06-07T08:34:09.000Z
Imp Wing,5552,Lucius Silvia,https://universalis.app/market/5552,101,11,2023-06-03T01:56:08.000Z
Jellyfish Umbrella,5557,Zigin Zagan,https://universalis.app/market/5557,300,5,2023-05-28T22:01:26.000Z
Aldgoat Skin,5296,Star Diver,https://universalis.app/market/5296,2000,2,2023-05-27T18:39:45.000Z
Dodo Feather,5355,Straxis Hyuuga,https://universalis.app/market/5355,600,7,2023-05-27T01:02:21.000Z
Green Megalocrab Shell,5456,Maki Mitaka,https://universalis.app/market/5456,1000,16,2023-05-29T03:14:20.000Z
Antelope Shank,4765,Sui Mhart'hra,https://universalis.app/market/4765,1499,2,2023-05-17T15:44:59.000Z
Megalocrab Leg,4771,Serial Chiller,https://universalis.app/market/4771,3999,1,2023-05-28T04:01:28.000Z
Acidic Secretions,5496,Pancake Syrup,https://universalis.app/market/5496,2499,99,2023-05-18T14:43:50.000Z
Diremite Web,5345,Hjek Wolt,https://universalis.app/market/5345,2000,1,2023-05-29T21:08:28.000Z
Aldgoat Horn,5436,Goth-bunnyvamp Gothic,https://universalis.app/market/5436,10000,2,2023-06-06T22:14:39.000Z
Scalekin Blood,5493,Hiko Midori,https://universalis.app/market/5493,1300,1,2023-06-01T05:41:34.000Z
Wolf Fang,5444,Johnny Pop'erz,https://universalis.app/market/5444,5000,1,2023-05-27T19:22:05.000Z
Treant Sap,5499,Despair Meowmuch,https://universalis.app/market/5499,700,1,2023-05-28T23:03:08.000Z
Aldgoat Chuck,4766,Kazan Fallen,https://universalis.app/market/4766,350,99,2023-05-30T02:27:16.000Z
Diremite Sinew,5320,Dino Punch-kick,https://universalis.app/market/5320,900,1,2023-05-16T01:48:51.000Z
Gigantoad Skin,5300,Owen Knight,https://universalis.app/market/5300,2500,5,2023-05-17T18:24:07.000Z
Bomb Ash,5528,Ty'ren Key,https://universalis.app/market/5528,800,3,2023-06-06T00:57:30.000Z
Puk Egg,4774,Maku Horimatsu,https://universalis.app/market/4774,2700,11,2023-06-03T22:51:34.000Z
Night Milk,6149,Pumpkin King,https://universalis.app/market/6149,6969,2,2023-05-31T05:32:06.000Z
Orobon Liver,4770,Akira Amano,https://universalis.app/market/4770,1,2,2023-06-05T19:12:45.000Z
Blue Yarzon Leg,5455,Kieran Corvinus,https://universalis.app/market/5455,2099,4,2023-06-10T17:24:03.000Z
Cactuar Needle,5468,Soft Idiot,https://universalis.app/market/5468,9999,1,2023-05-27T01:41:47.000Z
Sandworm Fang,5447,Nepheli Cobonne,https://universalis.app/market/5447,899,12,2023-06-04T01:45:27.000Z
Blue Landtrap Leaf,5549,Chubble Wubbles,https://universalis.app/market/5549,999,1,2023-05-18T01:28:54.000Z
Morbol Vine,5554,Mikoko Frieze,https://universalis.app/market/5554,351,2,2023-05-15T12:28:02.000Z
Formic Acid,5497,Black Licorice,https://universalis.app/market/5497,2000,1,2023-05-17T05:02:56.000Z
Raptor Shank,4767,Marakar Stormraven,https://universalis.app/market/4767,7999,1,2023-05-30T20:11:18.000Z
Hippogryph Sinew,5321,Jits Freak,https://universalis.app/market/5321,1100,21,2023-05-14T23:51:10.000Z
Boar Hide,5303,Jeanne Cloudchaser,https://universalis.app/market/5303,50000,2,2023-05-21T19:48:52.000Z
Peiste Skin,5306,Lucius Silvia,https://universalis.app/market/5306,1001,31,2023-06-03T20:26:35.000Z
Fleece,5347,Alniro Antion,https://universalis.app/market/5347,2000,15,2023-05-17T19:04:57.000Z
Spoken Blood,5494,Historia Solis,https://universalis.app/market/5494,2000,10,2023-06-01T12:46:16.000Z
Karakul Skin,5308,Renari Invictus,https://universalis.app/market/5308,499,99,2023-05-18T10:48:16.000Z
Grenade Ash,5526,Zeddicuszul Zorander,https://universalis.app/market/5526,8999,4,2023-06-08T13:53:14.000Z
Raptor Sinew,5322,Yamichka Honmicha,https://universalis.app/market/5322,5000,2,2023-06-06T23:20:30.000Z
Ochu Vine,5555,Maxx Alexandros,https://universalis.app/market/5555,4499,1,2023-06-06T10:07:52.000Z
Pudding Flesh,5558,Techout Jinh,https://universalis.app/market/5558,9000,10,2023-05-22T02:41:28.000Z
Basilisk Egg,5263,Von Ronva,https://universalis.app/market/5263,5000,10,2023-06-03T04:46:05.000Z
Buffalo Sirloin,4768,Kieran Corvinus,https://universalis.app/market/4768,46000,22,2023-06-10T19:38:16.000Z
Apkallu Egg,4775,Argon Grezz,https://universalis.app/market/4775,999,6,2023-05-24T17:53:24.000Z
Apkallu Down,5348,Rizzlord Kyle,https://universalis.app/market/5348,1000,1,2023-06-03T05:18:52.000Z
Ahriman Wing,5553,Yamichka Honmicha,https://universalis.app/market/5553,2000,8,2023-05-27T17:46:39.000Z
Eft Tail,4769,Nyu Blade,https://universalis.app/market/4769,800000,1,2023-05-15T16:09:15.000Z
Raptor Skin,5310,Kittykitty Catcat,https://universalis.app/market/5310,620000,1,2023-06-02T00:12:30.000Z
Snurble Tufts,5349,Terry Fyth,https://universalis.app/market/5349,5000,2,2023-05-14T16:59:52.000Z
Ogre Horn,5439,Tempest Song,https://universalis.app/market/5439,1200000,1,2023-05-29T11:53:12.000Z
Copper Ore,5106,Knomis Rothchilde,https://universalis.app/market/5106,1000,23,2023-05-29T23:53:23.000Z
Fire Shard,2,Marza Ming,https://universalis.app/market/2,175,50,2023-06-11T15:01:37.000Z
Ice Shard,3,Khai'xur Czernyuta,https://universalis.app/market/3,150,200,2023-05-18T20:12:48.000Z
Wind Shard,4,Kartsaga Orl,https://universalis.app/market/4,450,50,2023-05-20T15:51:30.000Z
Earth Shard,5,Tayto Potato,https://universalis.app/market/5,211,23,2023-06-02T01:00:33.000Z
Lightning Shard,6,Aeryn Morningstar,https://universalis.app/market/6,120,1000,2023-05-17T05:24:40.000Z
Water Shard,7,Haurchefant Darkstone,https://universalis.app/market/7,175,50,2023-05-21T15:16:22.000Z
Muddy Water,5488,Roo Iam,https://universalis.app/market/5488,250,30,2023-06-07T01:48:09.000Z
Bone Chip,5432,Based Highwind,https://universalis.app/market/5432,500,8,2023-06-03T07:11:05.000Z
Tin Ore,5107,Ayame Moonstar,https://universalis.app/market/5107,301,5,2023-06-05T06:51:00.000Z
Raw Sunstone,5128,Cadegeta Felgrim,https://universalis.app/market/5128,201,64,2023-05-31T19:18:48.000Z
Raw Lapis Lazuli,5133,Roo Iam,https://universalis.app/market/5133,300,50,2023-05-31T06:45:14.000Z
Soiled Femur,5433,Corkie Nowski,https://universalis.app/market/5433,100,3,2023-05-26T00:30:49.000Z
Zinc Ore,5110,Soren Valkyr,https://universalis.app/market/5110,490,48,2023-05-16T01:42:12.000Z
Obsidian,5124,Saad Maan,https://universalis.app/market/5124,190,12,2023-06-03T15:00:38.000Z
Potter's Clay,5513,Valiant Asano,https://universalis.app/market/5513,1800,6,2023-05-24T15:45:20.000Z
Fine Sand,5267,Ylava Fael,https://universalis.app/market/5267,39,29,2023-06-04T23:12:54.000Z
Copper Sand,5268,Zmega Slayer,https://universalis.app/market/5268,250,4,2023-06-03T12:40:14.000Z
Rock Salt,5518,Eryllis Lilith,https://universalis.app/market/5518,695,98,2023-06-02T20:47:44.000Z
Ragstone,5228,Tada Yuuri,https://universalis.app/market/5228,100,3,2023-05-15T19:09:40.000Z
Iron Ore,5111,Raih'li Garanti,https://universalis.app/market/5111,540,99,2023-05-22T22:38:15.000Z
Iron Sand,5269,Maki Mitaka,https://universalis.app/market/5269,99,6,2023-06-07T06:10:41.000Z
Cinnabar,5519,Yhuli Quhyo,https://universalis.app/market/5519,1001,1,2023-05-17T01:37:11.000Z
Raw Malachite,5130,Roo Iam,https://universalis.app/market/5130,1001,74,2023-05-31T06:44:53.000Z
Raw Sphene,5131,Cadegeta Felgrim,https://universalis.app/market/5131,1001,11,2023-05-31T19:19:08.000Z
Raw Fluorite,5132,Apocalytic Destroyer,https://universalis.app/market/5132,90,1,2023-05-27T13:16:49.000Z
Limestone,5230,Mokka Valyria,https://universalis.app/market/5230,3000,1,2023-05-24T01:36:00.000Z
Raw Danburite,5129,Eji Urimet,https://universalis.app/market/5129,101,39,2023-06-01T12:07:50.000Z
Sunrise Tellin,5465,Asteria Sha,https://universalis.app/market/5465,1000,3,2023-06-05T22:01:05.000Z
Alumen,5524,Tikky Tenshi,https://universalis.app/market/5524,800,1,2023-05-16T02:34:39.000Z
Beryllium Ore,28717,Panny Pancakes,https://universalis.app/market/28717,1795,6,2023-05-27T00:13:16.000Z
Mudstone,5229,Shono Kagon,https://universalis.app/market/5229,500,5,2023-06-06T10:34:44.000Z
Earth Rock,5155,Boba Khar,https://universalis.app/market/5155,150,23,2023-05-18T07:51:59.000Z
Silver Sand,5270,Penny Anne,https://universalis.app/market/5270,140,8,2023-05-20T21:03:29.000Z
Fire Rock,5152,Nala Bewbess,https://universalis.app/market/5152,500,6,2023-06-06T21:52:35.000Z
Ice Rock,5153,Zarya Zo,https://universalis.app/market/5153,375,21,2023-05-23T16:25:22.000Z
Effervescent Water,5491,Lunei Solei,https://universalis.app/market/5491,1800,12,2023-06-10T01:31:55.000Z
Wind Rock,5154,Yuki Falh,https://universalis.app/market/5154,300,1,2023-05-14T23:11:13.000Z
Lightning Rock,5156,Kina Tsu,https://universalis.app/market/5156,1000,6,2023-05-26T07:21:40.000Z
Silver Ore,5113,Lag Goodfellow,https://universalis.app/market/5113,2000,2,2023-05-18T01:51:13.000Z
Water Rock,5157,Zarya Zo,https://universalis.app/market/5157,100,21,2023-06-01T01:58:45.000Z
Bomb Ash,5528,Ty'ren Key,https://universalis.app/market/5528,800,3,2023-06-06T00:57:30.000Z
Fire Crystal,8,Sosuke Mohren,https://universalis.app/market/8,500,205,2023-05-27T09:38:08.000Z
Ice Crystal,9,K'lyhhia Celah,https://universalis.app/market/9,174,101,2023-05-17T14:25:54.000Z
Wind Crystal,10,Kiryuin Satsuki,https://universalis.app/market/10,175,50,2023-06-07T13:32:47.000Z
Earth Crystal,11,Luciferase Tiamat,https://universalis.app/market/11,134,101,2023-05-15T23:56:56.000Z
Lightning Crystal,12,Iolanthe Hyacinthia,https://universalis.app/market/12,998,200,2023-05-17T08:23:15.000Z
Water Crystal,13,Phaeris Zacati,https://universalis.app/market/13,300,19,2023-05-21T12:44:09.000Z
Silex,5523,Rikka Bridde,https://universalis.app/market/5523,750,99,2023-06-01T06:49:44.000Z
Wyvern Obsidian,5125,Ms Eldari,https://universalis.app/market/5125,2800,1,2023-05-27T22:55:55.000Z
Blue Pigment,5814,Ruruyon Hihiyon,https://universalis.app/market/5814,390,26,2023-05-28T09:16:48.000Z
Red Pigment,5815,Rifaien Yasramet,https://universalis.app/market/5815,600,25,2023-05-22T14:31:27.000Z
Yellow Pigment,5816,Roo Iam,https://universalis.app/market/5816,10000,1,2023-05-21T23:04:17.000Z
Grey Pigment,5817,Phoebix Alator,https://universalis.app/market/5817,1000,5,2023-06-06T17:15:00.000Z
Brown Pigment,5818,Doja Cat,https://universalis.app/market/5818,879,99,2023-05-29T23:53:21.000Z
Green Pigment,5819,Roo Iam,https://universalis.app/market/5819,10000,2,2023-05-21T23:03:49.000Z
Purple Pigment,5820,Rifaien Yasramet,https://universalis.app/market/5820,2000,2,2023-05-22T14:31:49.000Z
Brimstone,5527,Yuu Fae,https://universalis.app/market/5527,199,11,2023-06-07T04:28:27.000Z
Sandalwood Sap,28716,Pepper Jac,https://universalis.app/market/28716,1500,15,2023-05-21T03:41:15.000Z
Siltstone,5231,Yol Vasha,https://universalis.app/market/5231,500,3,2023-05-29T03:36:59.000Z
Grade 1 La Noscean Topsoil,7758,Rach Lynn,https://universalis.app/market/7758,100,12,2023-06-01T23:28:03.000Z
Grade 1 Shroud Topsoil,7761,Niara Everdawn,https://universalis.app/market/7761,750,2,2023-05-18T15:48:37.000Z
Grade 1 Thanalan Topsoil,7764,Broken Stocks,https://universalis.app/market/7764,140,1,2023-05-16T02:30:36.000Z
Raw Garnet,5134,Apollo Luna,https://universalis.app/market/5134,398,20,2023-05-15T00:01:36.000Z
Granite,7008,Ramyun Rice,https://universalis.app/market/7008,1000,1,2023-06-10T12:33:32.000Z
Raw Heliodor,5137,Annamori Murasaki,https://universalis.app/market/5137,2000,10,2023-05-28T23:46:58.000Z
Raw Goshenite,5135,K'onhoa Jadental,https://universalis.app/market/5135,280,10,2023-05-15T02:37:55.000Z
Raw Peridot,5136,K'onhoa Jadental,https://universalis.app/market/5136,200,9,2023-05-15T02:38:12.000Z
Mythril Sand,5271,Zanthia Ethereal,https://universalis.app/market/5271,99,2,2023-06-09T02:09:28.000Z
Mythril Ore,5114,Xavion Qestir,https://universalis.app/market/5114,459,45,2023-06-02T03:37:08.000Z
Raw Amethyst,5138,Roo Iam,https://universalis.app/market/5138,415,99,2023-05-31T06:46:00.000Z
Raw Aquamarine,5139,Audre Lynn,https://universalis.app/market/5139,375,10,2023-05-15T18:29:29.000Z
Raw Tourmaline,5142,Sorceress Knight,https://universalis.app/market/5142,900,10,2023-05-21T21:28:38.000Z
Raw Spinel,5144,Minnie Tyco,https://universalis.app/market/5144,400,5,2023-06-02T07:17:07.000Z
Raw Zircon,5141,Sarig Arkwright,https://universalis.app/market/5141,500,10,2023-06-05T00:02:59.000Z
Jade,5168,Cero Kazehara,https://universalis.app/market/5168,601,59,2023-05-29T03:39:51.000Z
Black Alumen,5525,Estekas Nexus,https://universalis.app/market/5525,691,4,2023-05-29T23:40:52.000Z
Grenade Ash,5526,Zeddicuszul Zorander,https://universalis.app/market/5526,8999,4,2023-06-08T13:53:14.000Z
Grade 2 La Noscean Topsoil,7759,Zan Flango,https://universalis.app/market/7759,750,5,2023-05-19T20:21:59.000Z
Grade 2 Shroud Topsoil,7762,Touka Katanouka,https://universalis.app/market/7762,2450,5,2023-05-24T21:24:56.000Z
Grade 2 Thanalan Topsoil,7765,Touka Katanouka,https://universalis.app/market/7765,998,1,2023-05-24T21:16:23.000Z
Raw Turquoise,5145,Bethov Thy,https://universalis.app/market/5145,179,1,2023-05-22T18:34:24.000Z
Electrum Sand,5272,Rain Dantares,https://universalis.app/market/5272,1300,10,2023-05-24T17:38:49.000Z
Electrum Ore,5115,Rizzlord Kyle,https://universalis.app/market/5115,20000,1,2023-06-03T18:37:33.000Z
Raw Amber,5143,Nettle Dreamshaper,https://universalis.app/market/5143,1000,5,2023-06-11T07:51:29.000Z
Raw Rubellite,5140,Aernthota Hymllihtwyn,https://universalis.app/market/5140,700,99,2023-06-06T01:15:02.000Z
Marble,7010,Tori Hito,https://universalis.app/market/7010,500,2,2023-06-04T22:53:24.000Z
Basilisk Egg,5263,Von Ronva,https://universalis.app/market/5263,5000,10,2023-06-03T04:46:05.000Z
Cobalt Ore,5116,Valiant Asano,https://universalis.app/market/5116,950,33,2023-05-25T17:52:48.000Z
Adamantoise Shell,5458,Surly Panther,https://universalis.app/market/5458,940,1,2023-05-16T01:28:08.000Z
Ogre Horn,5439,Tempest Song,https://universalis.app/market/5439,1200000,1,2023-05-29T11:53:12.000Z
Latex,5509,Boezo Braden,https://universalis.app/market/5509,1000,10,2023-05-24T06:35:04.000Z
Fire Shard,2,Marza Ming,https://universalis.app/market/2,175,50,2023-06-11T15:01:37.000Z
Ice Shard,3,Khai'xur Czernyuta,https://universalis.app/market/3,150,200,2023-05-18T20:12:48.000Z
Wind Shard,4,Kartsaga Orl,https://universalis.app/market/4,450,50,2023-05-20T15:51:30.000Z
Earth Shard,5,Tayto Potato,https://universalis.app/market/5,211,23,2023-06-02T01:00:33.000Z
Lightning Shard,6,Aeryn Morningstar,https://universalis.app/market/6,120,1000,2023-05-17T05:24:40.000Z
Water Shard,7,Haurchefant Darkstone,https://universalis.app/market/7,175,50,2023-05-21T15:16:22.000Z
Allagan Snail,5050,Aliel Jhen,https://universalis.app/market/5050,1001,24,2023-06-05T21:43:29.000Z
Maple Sap,5498,Ugandan Zeo,https://universalis.app/market/5498,250,99,2023-06-01T14:54:28.000Z
Maple Log,5380,Hazak Maguzak,https://universalis.app/market/5380,2000,94,2023-06-03T19:18:35.000Z
Cinnamon,4828,Anthera Atropa,https://universalis.app/market/4828,699,99,2023-05-24T18:30:25.000Z
Beehive Chip,5516,Lilbit Frisky,https://universalis.app/market/5516,1000,10,2023-05-26T01:54:35.000Z
Maple Branch,5396,Naomi Kusakari,https://universalis.app/market/5396,449,4,2023-06-06T01:51:35.000Z
Tinolqa Mistletoe,5534,Valiant Asano,https://universalis.app/market/5534,41,6,2023-05-17T18:40:16.000Z
Cock Feather,5351,Unt'rile Keeper,https://universalis.app/market/5351,248,99,2023-06-11T03:29:40.000Z
La Noscean Orange,4809,Supreme Tacos,https://universalis.app/market/4809,700,20,2023-06-06T03:54:05.000Z
Ash Log,5383,Renari Invictus,https://universalis.app/market/5383,580,9,2023-05-29T06:55:38.000Z
Ash Branch,5402,Kenneth Rutherford,https://universalis.app/market/5402,3998,1,2023-06-02T10:44:51.000Z
Kukuru Bean,4803,Miami's Husbando,https://universalis.app/market/4803,299,35,2023-05-25T01:34:05.000Z
Crow Feather,5352,Ichiko Aoba,https://universalis.app/market/5352,2000,1,2023-06-07T08:51:23.000Z
Cloves,4831,Janeska Ascindalon,https://universalis.app/market/4831,1245,3,2023-05-20T17:54:46.000Z
Moko Grass,5341,Cris Sama,https://universalis.app/market/5341,200,1,2023-05-17T07:52:11.000Z
Yellow Ginseng,5538,Roo Iam,https://universalis.app/market/5538,120,7,2023-06-06T22:30:06.000Z
Chanterelle,4795,Mekbuda Dusares,https://universalis.app/market/4795,41,12,2023-05-14T23:32:00.000Z
Lowland Grapes,4808,Emmie Fair,https://universalis.app/market/4808,80,99,2023-05-15T03:45:16.000Z
Rye,4823,Foe Frenchfry,https://universalis.app/market/4823,299,20,2023-05-30T03:18:59.000Z
Sunset Wheat,4824,Ryker Biscuitway,https://universalis.app/market/4824,400,10,2023-05-17T05:26:55.000Z
Garlean Garlic,4829,Dagr Jotunskati,https://universalis.app/market/4829,2125,99,2023-05-29T21:26:13.000Z
Elm Log,5385,Astra Archeron,https://universalis.app/market/5385,1000,2,2023-06-01T18:49:46.000Z
Wild Onion,4777,Artorias Abyss-walker,https://universalis.app/market/4777,900,3,2023-05-14T19:38:14.000Z
Lavender,5539,Balen Akadian,https://universalis.app/market/5539,1000,21,2023-05-26T08:47:56.000Z
Straw,5342,Doctor Bedlam,https://universalis.app/market/5342,390,99,2023-06-09T19:46:15.000Z
Grass Viper,5560,Koltor Masan,https://universalis.app/market/5560,500,5,2023-05-15T03:17:20.000Z
Humus,5514,Everra Hastur,https://universalis.app/market/5514,1001,2,2023-05-23T19:41:19.000Z
Coerthan Carrot,4778,Rivenrose Wreath,https://universalis.app/market/4778,985,9,2023-05-16T11:20:14.000Z
Ogre Pumpkin,4779,Occultist Mikhail,https://universalis.app/market/4779,10,1,2023-05-28T23:16:41.000Z
Carnation,5540,Kevin Zmega,https://universalis.app/market/5540,364,1,2023-06-10T13:41:10.000Z
La Noscean Lettuce,4782,Southern Rose,https://universalis.app/market/4782,100,5,2023-06-05T10:35:08.000Z
Cinderfoot Olive,4804,Xylienne Al'vere,https://universalis.app/market/4804,999,10,2023-05-25T02:51:19.000Z
Cotton Boll,5343,Quilla Nightshade,https://universalis.app/market/5343,6000,1,2023-06-09T15:55:04.000Z
Cieldalaes Spinach,4783,Callum Agnar,https://universalis.app/market/4783,2000,2,2023-05-30T21:49:21.000Z
Black Pepper,4830,Luxie Hart,https://universalis.app/market/4830,1000,2,2023-05-27T02:53:48.000Z
Ruby Tomato,4780,Ime Tachibana,https://universalis.app/market/4780,500,1,2023-05-29T19:13:16.000Z
Alpine Parsnip,4781,Callum Agnar,https://universalis.app/market/4781,144,1,2023-05-30T21:40:38.000Z
Highland Parsley,4784,Owen Knight,https://universalis.app/market/4784,999,1,2023-05-18T05:22:19.000Z
Marjoram,4832,Denji Usagi,https://universalis.app/market/4832,65,60,2023-06-07T08:43:12.000Z
Paprika,4785,Zmega Slayer,https://universalis.app/market/4785,700,2,2023-06-04T15:01:27.000Z
Faerie Apple,4810,Pumpkin King,https://universalis.app/market/4810,500,3,2023-05-31T03:39:48.000Z
Galago Mint,4834,Grimsveldr Dvraesgard,https://universalis.app/market/4834,200,1,2023-05-21T03:06:33.000Z
Paprika Seeds,7715,Kurai Fluffytail,https://universalis.app/market/7715,100,24,2023-05-29T05:30:34.000Z
Faerie Apple Seeds,7727,Cinnamon Xorxoi,https://universalis.app/market/7727,199,3,2023-05-29T00:54:41.000Z
Sun Lemon,4811,Shuleyn Elilnebbwyn,https://universalis.app/market/4811,200,3,2023-06-07T22:01:55.000Z
Lalafellin Lentil,4820,Mekbuda Dusares,https://universalis.app/market/4820,45,22,2023-05-14T17:58:16.000Z
Sun Lemon Seeds,7728,Richard Shepard,https://universalis.app/market/7728,10,2,2023-06-01T20:51:34.000Z
Belladonna,5541,Xeras Valkittar,https://universalis.app/market/5541,420,6,2023-05-15T16:01:53.000Z
Nopales,4786,Ylara Danae,https://universalis.app/market/4786,135000,1,2023-05-19T09:50:09.000Z
Popoto,4787,Balen Akadian,https://universalis.app/market/4787,500,10,2023-05-26T08:44:00.000Z
Popoto Set,7720,The Hawk,https://universalis.app/market/7720,2000,1,2023-05-18T14:25:01.000Z
Yew Log,5386,Sephrum Pendragon,https://universalis.app/market/5386,500,2,2023-05-30T07:39:32.000Z
Gil Bun,4796,Sciku Magna,https://universalis.app/market/4796,1100,17,2023-05-14T18:12:12.000Z
Yew Branch,5405,Kairi Nobody,https://universalis.app/market/5405,1000,9,2023-06-02T02:55:49.000Z
Island Seedling,7029,Vero Peeter,https://universalis.app/market/7029,6000,7,2023-06-08T06:13:55.000Z
Shroud Seedling,7030,Sive Atoel,https://universalis.app/market/7030,5000,3,2023-05-28T07:09:34.000Z
Desert Seedling,7031,The Wundertaker,https://universalis.app/market/7031,4000,5,2023-05-26T06:47:55.000Z
White Scorpion,5563,C'mona Rahn,https://universalis.app/market/5563,850,67,2023-06-01T03:23:33.000Z
Fireheart Cobalt,29968,Eorzean Star,https://universalis.app/market/29968,1555,23,2023-05-17T12:22:50.000Z
Pixie Plums,4812,Furva Aktur,https://universalis.app/market/4812,3500,1,2023-05-23T00:39:47.000Z
Gridanian Walnut,4806,Jirwin Krause,https://universalis.app/market/4806,499,7,2023-05-17T09:33:26.000Z
Pixie Plum Seeds,7729,Magiclee Deelish,https://universalis.app/market/7729,1299,1,2023-06-10T02:34:20.000Z
Button Mushroom,4797,Satellizer El-bridget,https://universalis.app/market/4797,1001,15,2023-05-29T11:18:29.000Z
Noble Grapes,6145,Kenny Amasuhiko,https://universalis.app/market/6145,3000,1,2023-05-16T21:49:54.000Z
Matron's Mistletoe,5535,Starry Moonlight,https://universalis.app/market/5535,701,2,2023-05-17T08:25:44.000Z
Ala Mhigan Mustard,4835,Cutie Tiger,https://universalis.app/market/4835,350,15,2023-05-28T01:22:56.000Z
Ala Mhigan Mustard Seeds,7738,Miacenth Kitsune,https://universalis.app/market/7738,150,1,2023-05-31T03:41:26.000Z
Walnut Log,5388,Von Ronva,https://universalis.app/market/5388,700,3,2023-05-27T04:29:32.000Z
Chamomile,5542,Spellington Junior,https://universalis.app/market/5542,300,2,2023-05-28T22:07:48.000Z
Pearl Ginger,4836,Barnabus Reid,https://universalis.app/market/4836,1001,16,2023-05-27T16:07:39.000Z
Chamomile Seeds,7740,Szorlin Noquana,https://universalis.app/market/7740,13000,1,2023-06-01T16:26:51.000Z
Sticky Rice,4819,Spyrit Nox,https://universalis.app/market/4819,300,1,2023-06-02T05:10:24.000Z
Millioncorn,4821,Aric Leifur,https://universalis.app/market/4821,701,10,2023-05-27T00:05:43.000Z
Millioncorn Seeds,7721,Lucoa Aki,https://universalis.app/market/7721,1700,1,2023-05-30T01:16:16.000Z
Jade Peas,4822,Theo Deadwood,https://universalis.app/market/4822,4001,1,2023-05-17T00:59:57.000Z
Fire Crystal,8,Sosuke Mohren,https://universalis.app/market/8,500,205,2023-05-27T09:38:08.000Z
Ice Crystal,9,K'lyhhia Celah,https://universalis.app/market/9,174,101,2023-05-17T14:25:54.000Z
Wind Crystal,10,Kiryuin Satsuki,https://universalis.app/market/10,175,50,2023-06-07T13:32:47.000Z
Earth Crystal,11,Luciferase Tiamat,https://universalis.app/market/11,134,101,2023-05-15T23:56:56.000Z
Lightning Crystal,12,Iolanthe Hyacinthia,https://universalis.app/market/12,998,200,2023-05-17T08:23:15.000Z
Water Crystal,13,Phaeris Zacati,https://universalis.app/market/13,300,19,2023-05-21T12:44:09.000Z
Wizard Eggplant,4788,Fumino Furuhashi,https://universalis.app/market/4788,4000,1,2023-05-15T21:48:29.000Z
Wizard Eggplant Seeds,7722,Luciferase Tiamat,https://universalis.app/market/7722,1301,2,2023-05-18T08:08:02.000Z
Midland Cabbage,4789,Max Ashmedai,https://universalis.app/market/4789,300,10,2023-05-23T12:51:03.000Z
Midland Cabbage Seeds,7723,Corven Steelglass,https://universalis.app/market/7723,10000,2,2023-06-01T15:40:58.000Z
Blue Pigment,5814,Ruruyon Hihiyon,https://universalis.app/market/5814,390,26,2023-05-28T09:16:48.000Z
Red Pigment,5815,Rifaien Yasramet,https://universalis.app/market/5815,600,25,2023-05-22T14:31:27.000Z
Yellow Pigment,5816,Roo Iam,https://universalis.app/market/5816,10000,1,2023-05-21T23:04:17.000Z
Grey Pigment,5817,Phoebix Alator,https://universalis.app/market/5817,1000,5,2023-06-06T17:15:00.000Z
Brown Pigment,5818,Doja Cat,https://universalis.app/market/5818,879,99,2023-05-29T23:53:21.000Z
Green Pigment,5819,Roo Iam,https://universalis.app/market/5819,10000,2,2023-05-21T23:03:49.000Z
Purple Pigment,5820,Rifaien Yasramet,https://universalis.app/market/5820,2000,2,2023-05-22T14:31:49.000Z
Chocobo Feather,5359,Xion Skybreaker,https://universalis.app/market/5359,89999,2,2023-05-26T00:05:05.000Z
Alligator Pear,4813,Juniper Beans,https://universalis.app/market/4813,2100,39,2023-05-25T15:58:52.000Z
Moor Leech,5559,Luthiel Valkire,https://universalis.app/market/5559,750,10,2023-05-18T16:18:22.000Z
Purpure Shell Chip,29970,Cillian Vetke,https://universalis.app/market/29970,1095,99,2023-06-11T04:48:43.000Z
Flax,5346,Mal Oretsev,https://universalis.app/market/5346,20000,99,2023-06-08T18:08:27.000Z
Oak Branch,5409,Doyle Deadcrest,https://universalis.app/market/5409,1500,1,2023-06-05T21:18:50.000Z
Linseed,7741,Tori Hito,https://universalis.app/market/7741,945,1,2023-06-03T04:07:22.000Z
Oak Log,5390,Aric Leifur,https://universalis.app/market/5390,500,99,2023-05-26T23:01:57.000Z
Aloe,4790,Akira Amano,https://universalis.app/market/4790,450,2,2023-05-31T11:21:39.000Z
Midland Basil,4837,Hal Swifter,https://universalis.app/market/4837,800,5,2023-06-05T16:41:24.000Z
Midland Basil Seeds,7742,Tommy Sgt,https://universalis.app/market/7742,150,1,2023-05-22T04:02:19.000Z
Mandrake,5543,Yamichka Honmicha,https://universalis.app/market/5543,400,10,2023-05-27T17:43:26.000Z
White Truffle,4798,Annikah Hansen,https://universalis.app/market/4798,401,2,2023-05-22T21:28:03.000Z
Mandrake Seeds,7743,Sunshine Parfait,https://universalis.app/market/7743,7100,4,2023-05-26T19:56:14.000Z
Salt Leek,4791,Renari Invictus,https://universalis.app/market/4791,100,2,2023-05-21T17:38:52.000Z
Wildfowl Feather,5360,Ichigo Kanroji,https://universalis.app/market/5360,2000,18,2023-06-09T21:10:51.000Z
Laurel,4839,Serafina Bilk,https://universalis.app/market/4839,2000,10,2023-06-11T00:55:43.000Z
Tarantula,5562,N'yhan Tia,https://universalis.app/market/5562,500,2,2023-06-07T03:39:11.000Z
Dragon Pepper,4838,Renari Invictus,https://universalis.app/market/4838,3700,1,2023-05-21T19:29:52.000Z
Desert Saffron,4843,Meowwy Meow,https://universalis.app/market/4843,500,1,2023-05-16T11:57:27.000Z
Blood Currants,4814,Princess Beefcake,https://universalis.app/market/4814,799,7,2023-06-10T23:24:08.000Z
Iron Acorn,4807,Kenny Amasuhiko,https://universalis.app/market/4807,350,2,2023-05-22T14:10:42.000Z
Blood Currant Seeds,7730,Syreph Carpenter,https://universalis.app/market/7730,3999,1,2023-05-28T22:18:34.000Z
Mahogany Log,5391,Zori Haddox,https://universalis.app/market/5391,750,10,2023-05-30T05:59:36.000Z
Mugwort,4840,Kieran Corvinus,https://universalis.app/market/4840,500,20,2023-06-10T04:35:35.000Z
Maiden Artichoke,4793,Tera Brake,https://universalis.app/market/4793,250,5,2023-06-04T01:10:03.000Z
Ramhorn Zucchini,4792,Tabarnack Colisse,https://universalis.app/market/4792,400,20,2023-05-27T19:36:18.000Z
Thyme,4841,Renari Invictus,https://universalis.app/market/4841,85,5,2023-05-21T19:51:46.000Z
Nutmeg,4844,Chayanna Rain,https://universalis.app/market/4844,1001,10,2023-06-11T00:20:30.000Z
Almonds,4842,Bailey Boo,https://universalis.app/market/4842,1000,98,2023-05-16T03:21:18.000Z
Almond Seeds,7744,Erabor Maxithus,https://universalis.app/market/7744,3000,3,2023-06-03T20:32:15.000Z
Sagolii Sage,4845,Kingdom Lancer,https://universalis.app/market/4845,1000,2,2023-05-15T06:16:25.000Z
Mirror Apple,6146,Banana Seltzer,https://universalis.app/market/6146,500,2,2023-05-30T06:46:49.000Z
Black Scorpion,5564,Ryker Kha,https://universalis.app/market/5564,300,3,2023-06-03T04:09:19.000Z
Mirror Apple Seeds,7731,Kat Bajhiri,https://universalis.app/market/7731,9999,1,2023-06-03T23:48:01.000Z
Rolanberry,4815,Renari Invictus,https://universalis.app/market/4815,735,3,2023-05-21T19:55:22.000Z
Rolanberry Seeds,7732,Rocky Papyrus,https://universalis.app/market/7732,200,5,2023-06-11T03:51:02.000Z
Mistletoe,5536,Ajax Hughes,https://universalis.app/market/5536,1045,25,2023-06-06T00:36:43.000Z
Dart Frog,5054,Setharial Genesia,https://universalis.app/market/5054,750,1,2023-05-31T14:27:27.000Z
Rosewood Log,5393,Aernthota Hymllihtwyn,https://universalis.app/market/5393,1000,2,2023-06-06T00:53:11.000Z
Rosewood Branch,5414,Valiant Asano,https://universalis.app/market/5414,1000,1,2023-05-17T03:54:13.000Z
Thanalan Tea Leaves,4846,Sanz Sephtis,https://universalis.app/market/4846,200,10,2023-05-20T03:49:17.000Z
Lava Toad,5055,Lodewicus Barkerc,https://universalis.app/market/5055,70000000,1,2023-05-24T03:24:29.000Z
Maiden Grass,7012,My Mirage,https://universalis.app/market/7012,175,60,2023-05-27T17:46:38.000Z
Ashen Alumen,29976,Reingart Reed,https://universalis.app/market/29976,1250,99,2023-05-14T21:03:06.000Z
Crayfish,4925,Big Nate,https://universalis.app/market/4925,1000,1,2023-05-29T20:50:03.000Z
Finger Shrimp,4871,Kazuto Riversong,https://universalis.app/market/4871,950,12,2023-06-03T21:08:59.000Z
White Coral,5460,Big Nate,https://universalis.app/market/5460,9999,1,2023-05-29T21:28:00.000Z
Princess Trout,4930,Namisu Tsunderere,https://universalis.app/market/4930,9000,1,2023-06-04T06:55:09.000Z
Dusk Goby,4931,Cutie Tiger,https://universalis.app/market/4931,1500,2,2023-05-21T22:47:02.000Z
Pipira,4932,Anatea Eilhart,https://universalis.app/market/4932,330,1,2023-06-03T23:36:06.000Z
Crimson Crayfish,4933,Nonaka Sakiko,https://universalis.app/market/4933,1500,1,2023-05-21T01:09:27.000Z
Coral Butterfly,4876,Hakai Subete,https://universalis.app/market/4876,500,1,2023-06-07T01:43:42.000Z
Brass Loach,4935,Xylienne Al'vere,https://universalis.app/market/4935,8000,1,2023-05-25T03:27:20.000Z
Maiden Carp,4936,Old Monkey,https://universalis.app/market/4936,500,99,2023-06-01T16:52:11.000Z
Tiger Cod,4879,Renari Invictus,https://universalis.app/market/4879,400,1,2023-05-21T10:01:47.000Z
Helmet Crab,4880,Renari Invictus,https://universalis.app/market/4880,4949,2,2023-05-21T10:13:55.000Z
Rothlyt Oyster,4881,Edwin Onfim,https://universalis.app/market/4881,5000,2,2023-05-15T03:15:32.000Z
Navigator's Dagger,4882,Mitsuru Kijiro,https://universalis.app/market/4882,2500,5,2023-06-09T00:32:15.000Z
Bluebell Salmon,4949,Apollo Luna,https://universalis.app/market/4949,8000,2,2023-05-16T01:52:04.000Z
Razor Clam,4884,Renari Invictus,https://universalis.app/market/4884,350,1,2023-05-21T20:34:21.000Z
Blowfish,4886,Star Lilly,https://universalis.app/market/4886,300,1,2023-05-26T18:18:49.000Z
Warmwater Trout,4955,Luc Charlemend,https://universalis.app/market/4955,10000,1,2023-05-29T02:38:03.000Z
Black Eel,4958,Adventure Provisions,https://universalis.app/market/4958,1998,1,2023-05-20T14:34:14.000Z
Dark Bass,4959,Old Monkey,https://universalis.app/market/4959,5000,11,2023-06-01T16:59:51.000Z
Blue Coral,5461,Aureliyan Duleau,https://universalis.app/market/5461,1000,2,2023-05-17T14:26:39.000Z
Bianaq Bream,4891,Xan'ir Kharinti,https://universalis.app/market/4891,600,3,2023-05-29T16:33:16.000Z
Black Sole,4892,Asahina Tsubomi,https://universalis.app/market/4892,4000,8,2023-05-26T20:15:26.000Z
Hammerhead Shark,4893,Ms Eldari,https://universalis.app/market/4893,5000,1,2023-06-10T15:09:55.000Z
Indigo Herring,4895,Dex N'rhelh,https://universalis.app/market/4895,13500,1,2023-05-29T16:30:52.000Z
Ash Tuna,4896,Renari Invictus,https://universalis.app/market/4896,8000,1,2023-05-21T19:17:16.000Z
Fullmoon Sardine,4898,Ryker Kha,https://universalis.app/market/4898,4000,5,2023-06-09T18:28:03.000Z
Whitelip Oyster,4900,Bubusu Busu,https://universalis.app/market/4900,10000,7,2023-06-01T03:51:24.000Z
Velodyna Carp,4982,Ahsook Dailow,https://universalis.app/market/4982,4997,2,2023-05-16T04:03:38.000Z
Red Coral,5462,Lily'rose Stardust,https://universalis.app/market/5462,4000,2,2023-05-27T09:18:30.000Z
Silver Shark,4903,Adrian White,https://universalis.app/market/4903,2000,1,2023-05-26T00:23:11.000Z
Raincaller,4905,Aryian Cosmic,https://universalis.app/market/4905,4600,2,2023-06-09T04:29:28.000Z
Blacklip Oyster,5466,Apollo Luna,https://universalis.app/market/5466,10000,1,2023-05-22T18:00:32.000Z
Northern Pike,4997,Valera Vandesma,https://universalis.app/market/4997,300,4,2023-05-29T23:05:09.000Z
Cloud Cutter,5040,Sasa Nori,https://universalis.app/market/5040,2000,5,2023-05-27T16:33:37.000Z
Gastornis Egg,12871,Ms Eldari,https://universalis.app/market/12871,1002,2,2023-05-17T12:10:24.000Z
Yak Milk,12888,Erin Zylrieth,https://universalis.app/market/12888,2000,5,2023-05-23T18:58:22.000Z
Archaeornis Skin,12568,D'lyxna Tia,https://universalis.app/market/12568,1200,1,2023-06-05T00:09:19.000Z
Gelato Flesh,12635,Karris Viotto,https://universalis.app/market/12635,2997,3,2023-06-05T03:08:47.000Z
Icetrap Leaf,12637,Xivne Caeruleus,https://universalis.app/market/12637,2000,9,2023-05-24T23:52:46.000Z
Loaghtan Chump,12873,Theia Corto,https://universalis.app/market/12873,3000,5,2023-05-27T17:08:47.000Z
Yeti Fang,12575,Voyce Heart,https://universalis.app/market/12575,1500,3,2023-06-09T14:13:15.000Z
Bear Fat,12609,Kittykitty Catcat,https://universalis.app/market/12609,160000,1,2023-05-20T16:23:29.000Z
Deepeye Tears,12628,Rosalio Kreisler,https://universalis.app/market/12628,5000,23,2023-06-03T20:52:26.000Z
Wyvern Skin,12569,Morivon Dalakrul,https://universalis.app/market/12569,2000,1,2023-06-10T06:02:43.000Z
Wyvern Wing,12636,Dest Lockhart,https://universalis.app/market/12636,1400,1,2023-05-20T16:05:31.000Z
Dhalmel Meat,12874,Dest Lockhart,https://universalis.app/market/12874,155,2,2023-06-04T16:07:00.000Z
Dhalmel Hide,12570,Nyx Severin,https://universalis.app/market/12570,1000,2,2023-05-30T15:50:22.000Z
Drake Scales,5449,Monkey Franks,https://universalis.app/market/5449,900,3,2023-05-18T00:30:27.000Z
Biast Scales,5448,Von Ronva,https://universalis.app/market/5448,6999,2,2023-06-10T18:57:02.000Z
Dhalmel Saliva,12629,Lore Raventys,https://universalis.app/market/12629,2500,15,2023-06-04T09:16:55.000Z
Okeanis Egg,12872,Nyrouka Xiaohart,https://universalis.app/market/12872,419,1,2023-05-30T01:26:15.000Z
Dragon Skin,12571,Krazy Pup,https://universalis.app/market/12571,999,3,2023-06-10T08:48:23.000Z
Dragon Fang,12576,Rulala Rula,https://universalis.app/market/12576,120,35,2023-05-19T18:55:58.000Z
Okeanis Tail,12875,Rayla Valdez,https://universalis.app/market/12875,2000,60,2023-06-03T20:43:37.000Z
Cockatrice Thigh,12876,Emrys Arthur,https://universalis.app/market/12876,1000,7,2023-05-28T12:11:34.000Z
Crawler Cocoon,12600,Zandiki Fila,https://universalis.app/market/12600,3499,4,2023-05-27T02:44:46.000Z
Dragon Scale,12627,Lucifel Alderice,https://universalis.app/market/12627,1029,3,2023-05-21T23:02:53.000Z
Dragon Blood,12630,Luna Noctua,https://universalis.app/market/12630,650,3,2023-05-28T22:33:35.000Z
Amphiptere Skin,12572,Krazy Pup,https://universalis.app/market/12572,1000,2,2023-06-10T19:45:11.000Z
Griffin Hide,12573,Aelric Gunnar,https://universalis.app/market/12573,788,3,2023-05-16T08:36:09.000Z
Griffin Talon,12577,Dezkiimro Avagnar,https://universalis.app/market/12577,63,2,2023-06-05T03:03:52.000Z
Chimera Mane,12599,Pepper Jac,https://universalis.app/market/12599,3000,3,2023-06-07T19:04:47.000Z
Dragon Obsidian,5126,Seraph Vynkee,https://universalis.app/market/5126,1000,17,2023-05-26T03:22:46.000Z
Mythrite Sand,12531,Midnight Sunn,https://universalis.app/market/12531,950,3,2023-05-22T01:18:36.000Z
Raw Agate,12553,Bethov Thy,https://universalis.app/market/12553,1000,1,2023-05-31T13:11:44.000Z
Raw Tiger's Eye,12552,Everly Aurora,https://universalis.app/market/12552,400,8,2023-05-15T21:21:07.000Z
Raw Larimar,12551,Aiko Sakamata,https://universalis.app/market/12551,1000,10,2023-06-09T13:37:03.000Z
Dravanian Spring Water,12631,Lore Raventys,https://universalis.app/market/12631,900,2,2023-06-04T09:18:54.000Z
Raw Mormorion,12559,Everly Aurora,https://universalis.app/market/12559,575,23,2023-05-18T18:56:46.000Z
Raw Star Sapphire,12555,Mariekek Jezabel,https://universalis.app/market/12555,503,2,2023-06-06T00:17:02.000Z
Raw Star Ruby,12554,Truco Delalma,https://universalis.app/market/12554,4998,5,2023-05-30T03:31:18.000Z
Hardsilver Sand,12532,Zeddicuszul Zorander,https://universalis.app/market/12532,900,25,2023-06-07T03:01:14.000Z
Raw Opal,12556,Merow Redemption,https://universalis.app/market/12556,500,3,2023-05-27T06:38:05.000Z
Abalathian Spring Water,12632,Zoey Nbolo,https://universalis.app/market/12632,302,9,2023-05-14T20:37:12.000Z
Cloud Mica,12539,Fallafel Allium-cepa,https://universalis.app/market/12539,1700,10,2023-05-28T04:43:05.000Z
Raw Carnelian,12560,Lilith Lunaria,https://universalis.app/market/12560,799,10,2023-05-17T00:48:28.000Z
Raw Citrine,12557,Ryden Virtus,https://universalis.app/market/12557,398,2,2023-05-18T02:14:25.000Z
Aurum Regis Sand,12533,Joeso Joyo,https://universalis.app/market/12533,1000,10,2023-05-28T04:23:57.000Z
Raw Chrysolite,12558,Shady Knight,https://universalis.app/market/12558,399,99,2023-05-26T01:46:10.000Z
Wyrm Obsidian,5127,Shizu Ponzu,https://universalis.app/market/5127,249,5,2023-05-18T02:21:11.000Z
Cedar Branch,5403,Alexandra Kedves,https://universalis.app/market/5403,700,20,2023-06-01T00:02:32.000Z
Cedar Log,5384,Honey Bourbon,https://universalis.app/market/5384,490,22,2023-05-29T23:31:39.000Z
Rainbow Cotton Boll,12597,Surya Nae,https://universalis.app/market/12597,4000,1,2023-06-11T08:08:04.000Z
Mist Dill,12883,Loyhan Lockhart,https://universalis.app/market/12883,800,25,2023-05-16T19:50:54.000Z
Highland Wheat,12880,Duane Rose,https://universalis.app/market/12880,750,1,2023-05-31T23:21:22.000Z
Stalk of Ramie,12598,Mr Bone,https://universalis.app/market/12598,335,18,2023-06-03T13:43:47.000Z
Dark Chestnut Log,12578,Elspeth Saltwalker,https://universalis.app/market/12578,1000,99,2023-06-09T17:01:37.000Z
Dark Chestnut Branch,12585,Spyrit Andras,https://universalis.app/market/12585,700,1,2023-06-08T21:22:51.000Z
Magma Beet,12885,Tabarnack Colisse,https://universalis.app/market/12885,400,4,2023-05-27T19:31:43.000Z
Coneflower,12638,Rubh'to Dakwhil,https://universalis.app/market/12638,289,89,2023-06-07T16:36:00.000Z
Sesame Seeds,12887,K'sari Sohma,https://universalis.app/market/12887,1000,2,2023-05-27T04:46:35.000Z
Cow Bitter,12639,Celix Naline,https://universalis.app/market/12639,448,7,2023-06-02T21:43:53.000Z
Birch Branch,12586,Knomis Rothchilde,https://universalis.app/market/12586,400,6,2023-05-28T06:27:05.000Z
Rue,12642,Skim Kim,https://universalis.app/market/12642,500,6,2023-05-30T09:14:12.000Z
Coriander,12643,Vex Colter,https://universalis.app/market/12643,309,1,2023-05-26T07:08:07.000Z
Dandelion,12640,Amethyst Greystone,https://universalis.app/market/12640,500,20,2023-06-06T05:11:55.000Z
Birch Sap,12891,Minako Kinomoto,https://universalis.app/market/12891,499,49,2023-05-22T00:25:12.000Z
Gaelicatnip,12641,Moe Chi,https://universalis.app/market/12641,899,12,2023-05-17T02:17:03.000Z
Ice Faerie,12715,Harper Jgnewesfv,https://universalis.app/market/12715,144,1,2023-06-05T22:42:24.000Z
Fanged Clam,12719,Black Licorice,https://universalis.app/market/12719,1898,1,2023-05-15T03:14:34.000Z
Ogre Horn Snail,12725,Aelric Gunnar,https://universalis.app/market/12725,144,68,2023-05-27T21:23:51.000Z
Whilom Catfish,12721,Emma West,https://universalis.app/market/12721,1950,1,2023-06-04T16:34:01.000Z
Maiboi,12728,Kai Khada,https://universalis.app/market/12728,5000,11,2023-06-03T23:37:35.000Z
Seema Patrician,12737,Zeref' Dragneel,https://universalis.app/market/12737,15999,1,2023-05-17T12:29:04.000Z
Bubble Eye,12739,Ama Yeboah,https://universalis.app/market/12739,17999,2,2023-06-07T23:22:54.000Z
Marble Oscar,12750,Jasper James,https://universalis.app/market/12750,17500,1,2023-05-17T05:51:56.000Z
Vanuhead,12749,Jasmine Fluer,https://universalis.app/market/12749,199,1,2023-05-22T21:04:18.000Z
Mercy Staff,12765,Alex Quasar,https://universalis.app/market/12765,4000,2,2023-05-29T14:08:00.000Z
Orn Butterfly,12781,Strykz Sato,https://universalis.app/market/12781,14999,2,2023-05-15T09:56:36.000Z
Philosopher's Stone,12790,Winter Vermillion,https://universalis.app/market/12790,2500,1,2023-06-04T23:57:07.000Z
Battle Galley,12817,Angel Despair,https://universalis.app/market/12817,3500,1,2023-06-04T18:05:50.000Z
Cherry Trout,12824,Lycelle Auberlaint-,https://universalis.app/market/12824,100,1,2023-05-29T00:45:39.000Z
Hinterlands Perch,12819,Ophelia Navi,https://universalis.app/market/12819,7000,1,2023-06-07T08:06:27.000Z
Saltpeter,5521,Kayla Aurelias,https://universalis.app/market/5521,39,2,2023-05-22T22:13:41.000Z
Blueclaw Shrimp,12722,Calistie Ces'tholaes,https://universalis.app/market/12722,1198,23,2023-06-10T05:44:25.000Z
Mogpom,12758,Lunei Solei,https://universalis.app/market/12758,5000,2,2023-06-09T16:23:14.000Z
Sweetfish,12780,Future Corpse,https://universalis.app/market/12780,59995,1,2023-06-08T18:43:33.000Z
Blue Cloud Coral,12736,Methis Rend,https://universalis.app/market/12736,1500,1,2023-06-08T01:13:10.000Z
Grade 3 La Noscean Topsoil,7760,Zyzory Ra,https://universalis.app/market/7760,1607,1,2023-05-15T05:16:42.000Z
Grade 3 Shroud Topsoil,7763,Keagyn Rithax,https://universalis.app/market/7763,6666,99,2023-05-27T09:45:53.000Z
Grade 3 Thanalan Topsoil,7766,Estelle Bright,https://universalis.app/market/7766,2092,13,2023-06-03T15:43:51.000Z
Gold Ore,5118,Umari Kisne,https://universalis.app/market/5118,8990,10,2023-06-11T01:20:52.000Z
Darksteel Ore,5121,Reijir Arthanna,https://universalis.app/market/5121,1500,4,2023-06-11T00:27:18.000Z
Volcanic Rock Salt,6152,Maxx Alexandros,https://universalis.app/market/6152,2700,10,2023-06-01T23:21:17.000Z
Astral Rock,5158,Samson Broadbent,https://universalis.app/market/5158,370,6,2023-05-29T21:05:27.000Z
Raw Ruby,5146,Reed Diamond,https://universalis.app/market/5146,15,1,2023-06-03T23:54:42.000Z
Ferberite,7588,Mirabella Mercer,https://universalis.app/market/7588,350,3,2023-06-11T02:56:00.000Z
Native Gold,7589,Corkie Nowski,https://universalis.app/market/7589,63,2,2023-05-16T00:15:06.000Z
Spruce Log,5395,Ryana Stormbringer,https://universalis.app/market/5395,1700,27,2023-06-04T08:03:20.000Z
Thavnairian Mistletoe,5537,Celestial Nightstar,https://universalis.app/market/5537,99,6,2023-05-15T16:39:13.000Z
Silkworm Cocoon,5350,Mikah Honey,https://universalis.app/market/5350,2000,71,2023-05-21T03:29:20.000Z
Trillium,5545,Matthias Baldesion,https://universalis.app/market/5545,2000,5,2023-06-06T01:37:13.000Z
Trillium Bulb,5546,Bethov Thy,https://universalis.app/market/5546,2001,4,2023-05-22T18:11:14.000Z
Black Truffle,4800,Renari Invictus,https://universalis.app/market/4800,50,9,2023-05-21T20:44:43.000Z
Dzemael Tomato Seeds,7724,Tori Hito,https://universalis.app/market/7724,1000,1,2023-06-03T04:07:41.000Z
Honey Lemon Seeds,7733,Treper Merick,https://universalis.app/market/7733,4201,1,2023-05-28T10:24:38.000Z
Prickly Pineapple Seeds,7734,Sky Ice,https://universalis.app/market/7734,2500,1,2023-06-07T15:43:10.000Z
Scarlet Sap,7590,Artesia Daikun,https://universalis.app/market/7590,2300,1,2023-05-23T01:13:48.000Z
Shroud Tea Leaves,7591,Fayah Chalahko,https://universalis.app/market/7591,145,4,2023-05-21T18:33:06.000Z
Young Cieldalaes Spinach,7594,Anakasha Raaven,https://universalis.app/market/7594,202,7,2023-06-11T00:51:33.000Z
Blood Orange,7595,Henriquette Dandolo,https://universalis.app/market/7595,3,15,2023-05-22T18:04:01.000Z
Raw Diamond,5147,Xis Everknight,https://universalis.app/market/5147,2,2,2023-05-14T20:34:23.000Z
Raw Emerald,5148,Roo Iam,https://universalis.app/market/5148,5,2,2023-06-01T00:04:48.000Z
Raw Topaz,5149,Kazen Irc,https://universalis.app/market/5149,8000,2,2023-05-19T11:06:06.000Z
Raw Iolite,5150,Ti Famm,https://universalis.app/market/5150,333,2,2023-05-22T01:41:47.000Z
Raw Sapphire,5151,Leneira Drachanyx,https://universalis.app/market/5151,20,1,2023-05-21T22:53:20.000Z
Bamboo Stick,5365,Jigoku Shoujo,https://universalis.app/market/5365,5550,2,2023-06-07T01:27:19.000Z
Waterfowl Feather,8024,Kotone Shiomy,https://universalis.app/market/8024,5000,2,2023-06-08T08:01:25.000Z
Platinum Ore,5120,Lewenna Weaver,https://universalis.app/market/5120,5000,8,2023-06-06T01:29:08.000Z
Ebony Log,5394,Tori Hito,https://universalis.app/market/5394,249,16,2023-05-28T14:22:23.000Z
Pumice,9519,Era Torana,https://universalis.app/market/9519,1500,2,2023-05-27T23:28:30.000Z
Cypress Log,9518,Minerva Umbrasoul,https://universalis.app/market/9518,1000,2,2023-06-04T13:34:02.000Z
Black Limestone,10092,Delta Stormbringer,https://universalis.app/market/10092,4000,8,2023-06-03T06:58:35.000Z
Virgin Basilisk Egg,10093,Fuzan Naeuri,https://universalis.app/market/10093,151,3,2023-05-24T06:43:40.000Z
Rosemary,10096,Fuzan Naeuri,https://universalis.app/market/10096,2650,4,2023-05-24T06:43:00.000Z
Gregarious Worm,10095,Genis Sage,https://universalis.app/market/10095,1500,1,2023-06-01T20:53:50.000Z
Mazlaya Greens,10098,Auri Valefor,https://universalis.app/market/10098,5000,6,2023-05-15T14:04:09.000Z
Mythrite Ore,12534,Ziana Sue,https://universalis.app/market/12534,1750,50,2023-06-11T15:26:33.000Z
Titanium Ore,12537,Sun Soda,https://universalis.app/market/12537,502,2,2023-06-02T00:48:26.000Z
Hardsilver Ore,12535,Zeddicuszul Zorander,https://universalis.app/market/12535,1000,10,2023-06-07T03:02:03.000Z
Cyclops Onion,12878,Xion Nijima,https://universalis.app/market/12878,2000,28,2023-05-26T01:27:15.000Z
Dark Chestnut,12893,Meogre Ya-ong,https://universalis.app/market/12893,2000,2,2023-06-05T01:56:27.000Z
Emerald Beans,12879,Doja Cat,https://universalis.app/market/12879,10000,2,2023-05-28T16:08:37.000Z
Birch Log,12579,Hazak Maguzak,https://universalis.app/market/12579,5000,1,2023-06-10T15:46:10.000Z
Gold Sand,5273,Hina Katsura,https://universalis.app/market/5273,150,24,2023-05-15T09:20:52.000Z
Tree Toad,5051,Bethov Thy,https://universalis.app/market/5051,1994,1,2023-05-21T02:28:44.000Z
Lowland Grape Seeds,7726,Valkyrie Girl,https://universalis.app/market/7726,35000,1,2023-05-22T01:10:41.000Z
Garlic Cloves,7735,Bellamy Peppermint,https://universalis.app/market/7735,9,3,2023-05-17T20:57:49.000Z
Buffalo Beans,4818,Doja Cat,https://universalis.app/market/4818,500,99,2023-05-28T16:08:52.000Z
Wild Onion Set,7716,Adora Trevelyan,https://universalis.app/market/7716,2,2,2023-06-04T04:18:42.000Z
Lavender Seeds,7736,Irene Nyx,https://universalis.app/market/7736,125,4,2023-06-02T20:45:36.000Z
Coerthan Carrot Seeds,7717,Theon Xenos,https://universalis.app/market/7717,1801,1,2023-05-29T23:26:46.000Z
La Noscean Lettuce Seeds,7718,Corven Steelglass,https://universalis.app/market/7718,10000,9,2023-06-01T15:41:18.000Z
Gridanian Chestnut,4805,Ava Amanita,https://universalis.app/market/4805,199,2,2023-05-25T23:14:48.000Z
Black Pepper Seeds,7737,Bellamy Peppermint,https://universalis.app/market/7737,1,1,2023-05-17T20:57:57.000Z
Dzemael Tomato,6148,Vicenzo Volpe,https://universalis.app/market/6148,500,10,2023-05-28T03:02:00.000Z
Vampire Plant,5547,Orzel Bialy,https://universalis.app/market/5547,30,48,2023-05-15T07:39:08.000Z
Honey Lemon,6147,Narhu Dei-ijla,https://universalis.app/market/6147,344,99,2023-05-14T23:07:41.000Z
Prickly Pineapple,4816,Pumpkin King,https://universalis.app/market/4816,1000,12,2023-06-07T05:41:07.000Z
Apricot,7592,Red Potatoe,https://universalis.app/market/7592,400,99,2023-06-04T03:10:02.000Z
La Noscean Leek,7593,Renari Invictus,https://universalis.app/market/7593,100,3,2023-05-21T20:58:36.000Z
Unaspected Crystal,10099,Rave D'hephaestus,https://universalis.app/market/10099,2200,26,2023-05-15T01:57:48.000Z
Unaspected Crystal,10099,Rave D'hephaestus,https://universalis.app/market/10099,2200,26,2023-05-15T01:57:48.000Z
Dark Matter Cluster,10335,Rose Nightingale,https://universalis.app/market/10335,1500,99,2023-05-15T18:29:22.000Z
Dark Matter Cluster,10335,Rose Nightingale,https://universalis.app/market/10335,1500,99,2023-05-15T18:29:22.000Z
Adamantite Ore,12538,Serrak Forte,https://universalis.app/market/12538,1002,3,2023-05-25T08:33:40.000Z
Yellow Copper Ore,5108,Dai Shan,https://universalis.app/market/5108,22,10,2023-06-01T01:42:25.000Z
Pyrite,5109,Umbra Eons,https://universalis.app/market/5109,140,40,2023-05-21T22:15:07.000Z
Yellow Quartz,5162,Quiet Coyote,https://universalis.app/market/5162,200,2,2023-05-20T02:14:21.000Z
Chalcocite,12941,Everly Aurora,https://universalis.app/market/12941,85,10,2023-05-16T20:52:11.000Z
Limonite,5112,Winter Vermillion,https://universalis.app/market/5112,49,7,2023-06-03T22:27:50.000Z
Green Quartz,5161,Morinaga Bairon,https://universalis.app/market/5161,222,1,2023-05-19T09:17:36.000Z
Abalathian Rock Salt,12901,Terry Fay,https://universalis.app/market/12901,2000,14,2023-06-02T11:50:36.000Z
Light Kidney Ore,5117,Everly Aurora,https://universalis.app/market/5117,100,60,2023-05-21T22:56:34.000Z
Red Quartz,5159,Bonana Nana,https://universalis.app/market/5159,1000,8,2023-05-28T06:08:42.000Z
Cuprite,12942,Astor Deckard,https://universalis.app/market/12942,9,2,2023-05-23T20:47:19.000Z
Aurum Regis Ore,12536,Fayne Tyata,https://universalis.app/market/12536,20,9,2023-05-26T18:28:12.000Z
Sun Mica,12540,Kyouki Mugen,https://universalis.app/market/12540,99,12,2023-05-19T01:59:36.000Z
Red Alumen,12945,Else Waylon,https://universalis.app/market/12945,3,5,2023-06-06T18:58:34.000Z
Astral Moraine,5226,Shimohi Kagami,https://universalis.app/market/5226,5000,1,2023-06-07T19:25:46.000Z
Violet Quartz,5163,L'ylitha Rahz,https://universalis.app/market/5163,39,45,2023-06-04T01:04:16.000Z
Blue Quartz,5160,Rae Dazkar,https://universalis.app/market/5160,4,16,2023-05-27T07:57:44.000Z
Chysahl Greens,12900,Khloe Molkoh,https://universalis.app/market/12900,1000,10,2023-05-21T14:34:00.000Z
Old World Fig,12896,Morinaga Bairon,https://universalis.app/market/12896,150,6,2023-05-30T23:16:09.000Z
Porcini,12899,Faris Tycoon,https://universalis.app/market/12899,694,3,2023-05-25T22:18:22.000Z
Pearl Sprouts,12877,Satellizer El-bridget,https://universalis.app/market/12877,3495,21,2023-06-03T22:08:34.000Z
Coerthan Tea Leaves,12882,Alenia Urumet,https://universalis.app/market/12882,1002,12,2023-05-26T05:49:00.000Z
Dravanian Mistletoe,12943,Luna Noctua,https://universalis.app/market/12943,1500,1,2023-05-26T18:55:03.000Z
Chives,12884,Zeref' Dragneel,https://universalis.app/market/12884,999,2,2023-05-17T12:33:31.000Z
Heavens Lemon,12889,Lanneiros Amastacia,https://universalis.app/market/12889,500,2,2023-05-28T22:05:45.000Z
Abalathian Mistletoe,12944,Shono Kagon,https://universalis.app/market/12944,2000,8,2023-06-04T10:07:50.000Z
Cloud Banana,12897,Haru Tari,https://universalis.app/market/12897,9999,10,2023-05-28T02:55:15.000Z
Morel,12898,Zeref' Dragneel,https://universalis.app/market/12898,299,4,2023-05-17T12:31:56.000Z
Seventh Heaven,12634,Eleadora Eclipse,https://universalis.app/market/12634,690,48,2023-06-09T07:06:57.000Z
Wattle Bark,12587,Else Waylon,https://universalis.app/market/12587,321,8,2023-06-06T18:59:18.000Z
Vanilla Beans,4833,Mais Baun,https://universalis.app/market/4833,75,6,2023-05-14T20:18:01.000Z
Dravanian Paprika,12903,Tia Si,https://universalis.app/market/12903,140,18,2023-05-15T04:59:16.000Z
Snurbleberry,12904,Idunn Hyskaris,https://universalis.app/market/12904,102,10,2023-06-09T23:26:08.000Z
Old World Fig Seeds,13765,Rune Iha,https://universalis.app/market/13765,1900,30,2023-06-08T00:58:48.000Z
Pearl Sprout Seeds,13767,Estelle Bright,https://universalis.app/market/13767,2000,8,2023-06-03T15:45:46.000Z
Coerthan Tea Seeds,13768,Kayako Hara,https://universalis.app/market/13768,5002,5,2023-06-03T22:35:40.000Z
Frost Cotton Boll,14154,Korok Seed,https://universalis.app/market/14154,199,7,2023-06-05T06:03:04.000Z
Whitefrost Cotton Boll,14956,Voyce Heart,https://universalis.app/market/14956,500,15,2023-06-02T21:30:44.000Z
Camphorwood Log,14159,Koko Moko,https://universalis.app/market/14159,49,18,2023-05-18T04:52:05.000Z
Camphorwood Branch,14160,Kelito Kelulito,https://universalis.app/market/14160,500,99,2023-05-17T13:43:17.000Z
Old-growth Camphorwood Log,14957,Valkyrie Girl,https://universalis.app/market/14957,1000,1,2023-05-21T04:04:23.000Z
Lumythrite Sand,14955,Dark Sunshine,https://universalis.app/market/14955,140,2,2023-05-20T08:22:43.000Z
Smithsonite Ore,14151,Flarg Ashcaller,https://universalis.app/market/14151,2399,7,2023-05-18T10:59:49.000Z
Beastkin Horn,14190,Julianna Kane,https://universalis.app/market/14190,6,5,2023-05-15T17:31:40.000Z
Meteorite,15646,Lise Leclair,https://universalis.app/market/15646,500,7,2023-06-08T16:06:51.000Z
Crystallized Sap,15647,Jotunn Banamadr,https://universalis.app/market/15647,2000,16,2023-05-28T04:06:16.000Z
Firelight Seeds,15865,Shiohei Namikaze,https://universalis.app/market/15865,1098,6,2023-05-22T17:15:06.000Z
Icelight Seeds,15866,Zigin Zagan,https://universalis.app/market/15866,10001,32,2023-05-26T03:09:33.000Z
Windlight Seeds,15867,Aimless Wanderer,https://universalis.app/market/15867,600,42,2023-06-10T23:34:11.000Z
Earthlight Seeds,15868,Vyne Valentyne,https://universalis.app/market/15868,250,8,2023-05-24T20:58:41.000Z
Levinlight Seeds,15869,Rikkendra Lux,https://universalis.app/market/15869,1875,20,2023-06-04T12:53:43.000Z
Waterlight Seeds,15870,Khona'to Mijuuko,https://universalis.app/market/15870,1100,20,2023-06-10T00:08:34.000Z
Teak Log,5392,Yashia Eevee,https://universalis.app/market/5392,594,30,2023-05-23T15:18:22.000Z
Star Cotton Boll,16721,Kelito Kelulito,https://universalis.app/market/16721,249,30,2023-05-19T16:45:52.000Z
Luminium Ore,16725,I'lydia Dahl,https://universalis.app/market/16725,150,14,2023-05-22T16:41:56.000Z
Zeolite Ore,16726,I'lydia Dahl,https://universalis.app/market/16726,200,22,2023-05-22T16:43:07.000Z
Gyr Abanian Alumen,19910,Marza Ming,https://universalis.app/market/19910,1040,1,2023-05-21T15:03:03.000Z
Raw Triphane,19968,Ashi Hikari,https://universalis.app/market/19968,804,36,2023-06-08T21:32:19.000Z
Gyr Abanian Mineral Water,19871,Raptor Kusakari,https://universalis.app/market/19871,700,15,2023-06-03T12:15:45.000Z
Raw Kyanite,19969,Synn She,https://universalis.app/market/19969,2040000,6,2023-05-14T19:37:55.000Z
Koppranickel Ore,19951,Sheri Kyu,https://universalis.app/market/19951,783,99,2023-05-21T01:22:32.000Z
Crescent Spring Water,19872,W'enaari Nimei,https://universalis.app/market/19872,850,15,2023-05-19T16:51:40.000Z
Raw Star Spinel,19970,Prilquob Hale,https://universalis.app/market/19970,39,53,2023-06-06T04:45:49.000Z
Doman Iron Ore,19953,I' Rachel,https://universalis.app/market/19953,1003,10,2023-05-29T01:11:31.000Z
Raw Azurite,19971,Mariekek Jezabel,https://universalis.app/market/19971,495,5,2023-06-06T00:16:36.000Z
Durium Ore,19954,Dr Clown,https://universalis.app/market/19954,350,5,2023-06-11T03:39:32.000Z
Raw Imperial Jade,19972,Mariekek Jezabel,https://universalis.app/market/19972,40,5,2023-06-06T00:18:08.000Z
Molybdenum Ore,19957,Lindt Paruparo,https://universalis.app/market/19957,1500,10,2023-05-20T22:26:33.000Z
Raw Rhodonite,19973,Spllyn Iam,https://universalis.app/market/19973,2749,1,2023-05-18T21:37:16.000Z
Stiperstone,5232,Yu' Narukami,https://universalis.app/market/5232,1000,3,2023-06-08T18:37:12.000Z
Koppranickel Sand,19950,Orion Wil'o,https://universalis.app/market/19950,500,99,2023-06-10T20:00:44.000Z
Slate,20007,Jillilii Ilieli,https://universalis.app/market/20007,500,99,2023-06-08T23:20:25.000Z
Diatomite,20006,Vega Lockhart,https://universalis.app/market/20006,1200,9,2023-05-27T18:29:30.000Z
Durium Sand,19952,Ilia Odyz,https://universalis.app/market/19952,1003,12,2023-05-18T17:13:43.000Z
Doman Iron Sand,19955,Anastasia Nitsuki,https://universalis.app/market/19955,800,3,2023-05-19T21:38:56.000Z
Palladium Sand,19956,My Mirage,https://universalis.app/market/19956,500,99,2023-06-09T00:07:30.000Z
Ala Mhigan Salt Crystal,19907,Nomolun Malqir,https://universalis.app/market/19907,9999,3,2023-06-02T21:12:04.000Z
Beech Branch,19936,Amika'iryna Celesfira,https://universalis.app/market/19936,1000,3,2023-06-04T13:59:35.000Z
Loquat,19851,Celix Naline,https://universalis.app/market/19851,750,1,2023-06-07T20:41:43.000Z
Beech Log,19930,Anime Wolfheart,https://universalis.app/market/19930,2402,6,2023-05-14T21:01:57.000Z
Larch Log,19931,Ja Bright,https://universalis.app/market/19931,990,10,2023-06-01T15:25:44.000Z
Pine Resin,19908,Krystal Bynes,https://universalis.app/market/19908,1400,22,2023-05-22T10:42:22.000Z
Pine Log,5389,Didrianna Winterset,https://universalis.app/market/5389,499,1,2023-05-30T01:40:07.000Z
Bamboo Shoot,19860,Jodhi Greywyr,https://universalis.app/market/19860,20,5,2023-05-22T00:49:43.000Z
Shiitake Mushroom,19863,Honest Heart,https://universalis.app/market/19863,5000,1,2023-05-20T21:08:13.000Z
Persimmon Leaf,19870,Miss Cruvty,https://universalis.app/market/19870,1000,1,2023-05-26T12:31:04.000Z
Persimmon,19869,Play Maker,https://universalis.app/market/19869,1000,12,2023-05-24T18:36:11.000Z
Persimmon Log,19932,Lorahsande Banehene,https://universalis.app/market/19932,200,10,2023-05-23T23:53:18.000Z
Zelkova Log,19933,Elspeth Saltwalker,https://universalis.app/market/19933,500,10,2023-06-08T16:32:40.000Z
Othardian Plum,19852,Aurora Spinner,https://universalis.app/market/19852,150,5,2023-05-28T21:18:03.000Z
Gyr Abanian Wheat,19868,Minako Kinomoto,https://universalis.app/market/19868,455,95,2023-05-22T06:34:51.000Z
Bloodhemp,19976,Hana Grezz,https://universalis.app/market/19976,502,10,2023-06-02T00:40:53.000Z
Buckwheat Kernels,19850,Umbra Eons,https://universalis.app/market/19850,500,99,2023-05-27T23:55:20.000Z
Mountain Popoto,19861,Jiluna Araxie,https://universalis.app/market/19861,1000,15,2023-05-16T02:38:43.000Z
Gem Algae,19881,Kyio Re,https://universalis.app/market/19881,3040,99,2023-05-26T03:38:52.000Z
Holy Basil,19917,Asoso Aso,https://universalis.app/market/19917,2849,6,2023-05-18T19:45:04.000Z
Ruby Cotton Boll,19979,Rosalee Shadowmist,https://universalis.app/market/19979,700,50,2023-05-21T01:37:39.000Z
Sugar Beet,19856,Mareena Crev,https://universalis.app/market/19856,2000,6,2023-06-01T23:21:49.000Z
Green Leek,19859,Tanashi Saren,https://universalis.app/market/19859,1006,2,2023-05-28T15:29:49.000Z
Soybeans,19862,Tiugh Athair,https://universalis.app/market/19862,82,1,2023-05-16T04:36:47.000Z
Ama Nori,19879,Oshu Hoshu,https://universalis.app/market/19879,200,5,2023-05-17T02:23:37.000Z
Kudzu Root,19853,Yitsuni Misaki,https://universalis.app/market/19853,500,99,2023-06-02T06:30:22.000Z
Cumin Seeds,19864,Marza Ming,https://universalis.app/market/19864,500,1,2023-05-16T02:49:55.000Z
Kudzu Vine,19982,Zana'tan Quowaital,https://universalis.app/market/19982,498,1,2023-05-24T18:21:43.000Z
Daikon Radish,19855,Astor Deckard,https://universalis.app/market/19855,495,9,2023-06-02T15:11:01.000Z
Gyr Abanian Carrot,19858,Tiugh Athair,https://universalis.app/market/19858,250,1,2023-05-17T02:50:08.000Z
Lotus Root,19865,Emrys Arthur,https://universalis.app/market/19865,16,5,2023-06-10T23:01:54.000Z
Sun Cabbage,19866,Lillium Aylward,https://universalis.app/market/19866,550,2,2023-05-27T06:58:17.000Z
Fennel,19867,Luca Fiole,https://universalis.app/market/19867,353,17,2023-05-22T00:15:51.000Z
Ruby Tide Kelp,19880,Luci Inverse,https://universalis.app/market/19880,1000,10,2023-05-31T23:46:57.000Z
Jhammel Ginger,19857,Icewynd Fanar,https://universalis.app/market/19857,45,2,2023-05-26T09:45:21.000Z
Yanxian Parsley,19911,Astor Deckard,https://universalis.app/market/19911,1000,2,2023-06-06T21:20:49.000Z
Alyssum,19912,Sinareus Quemilien,https://universalis.app/market/19912,324,1,2023-06-04T14:10:50.000Z
Nagxian Cudweed,19913,Hal Swifter,https://universalis.app/market/19913,500,6,2023-06-07T16:16:54.000Z
Chickweed,19914,Tanashi Saren,https://universalis.app/market/19914,700,4,2023-06-08T10:45:48.000Z
Nipplewort,19915,Jillilii Ilieli,https://universalis.app/market/19915,500,99,2023-06-04T14:12:53.000Z
Doman Eggplant,19854,Folkvar Egir,https://universalis.app/market/19854,1000,6,2023-06-05T17:50:54.000Z
Twincoon,19989,Astor Deckard,https://universalis.app/market/19989,499,6,2023-06-05T22:15:49.000Z
Hallowed Basil,19918,Hummus Enjoyer,https://universalis.app/market/19918,14,47,2023-05-27T08:30:03.000Z
Gagana Egg,19877,Ja Bright,https://universalis.app/market/19877,898,6,2023-05-31T13:41:03.000Z
Muud Suud Horn,19919,Khloe Molkoh,https://universalis.app/market/19919,2000,1,2023-06-04T21:48:11.000Z
Moth Scales,19922,Astra Archeron,https://universalis.app/market/19922,2000,5,2023-06-01T23:09:03.000Z
Rhino Beetle Carapace,19924,Astra Archeron,https://universalis.app/market/19924,697,1,2023-06-01T23:08:17.000Z
Gagana Skin,19999,Alex Juice,https://universalis.app/market/19999,290,9,2023-05-22T04:47:30.000Z
Hornbill Tenderloin,19874,Honest Heart,https://universalis.app/market/19874,2,6,2023-05-20T21:06:16.000Z
Bombfish Spine,19923,Nyx Severin,https://universalis.app/market/19923,4,5,2023-06-05T23:20:07.000Z
Gyuki Hide,20000,Gil Garth,https://universalis.app/market/20000,900,6,2023-05-16T18:21:53.000Z
Dzo Horn,19921,Kitty Nejo'ada,https://universalis.app/market/19921,79,2,2023-05-18T20:50:49.000Z
Dzo Chuck,19873,Rayla Valdez,https://universalis.app/market/19873,3000,11,2023-06-03T19:55:34.000Z
Steppe Milk,19878,Ja Bright,https://universalis.app/market/19878,900,5,2023-05-31T13:56:39.000Z
Tiger Skin,20001,Karris Viotto,https://universalis.app/market/20001,850,9,2023-06-05T02:59:10.000Z
Gazelle Horn,19920,Ms Eldari,https://universalis.app/market/19920,2300,1,2023-06-07T17:48:29.000Z
Halgai Mane,19985,Lillium Aylward,https://universalis.app/market/19985,1002,9,2023-05-28T06:07:18.000Z
Manzasiri Hair,19986,Rikkendra Lux,https://universalis.app/market/19986,800,1,2023-05-18T15:33:50.000Z
Marid Hide,20002,Hayno Mayzonet,https://universalis.app/market/20002,498,14,2023-05-24T19:26:24.000Z
Jhammel Haunch,19875,Grimsveldr Dvraesgard,https://universalis.app/market/19875,200,3,2023-06-07T22:51:26.000Z
Twincoon,19989,Astor Deckard,https://universalis.app/market/19989,499,6,2023-06-05T22:15:49.000Z
Gazelle Hide,20003,Beaute Sublime,https://universalis.app/market/20003,1000,99,2023-06-01T02:01:18.000Z
True Griffin Hide,20004,Lane Myer,https://universalis.app/market/20004,1280,6,2023-05-20T00:51:49.000Z
Highland Perch,20090,Yhuli Quhyo,https://universalis.app/market/20090,2800,24,2023-05-28T04:23:59.000Z
Heather Charr,20050,Ja Bright,https://universalis.app/market/20050,2400,2,2023-05-30T07:18:44.000Z
Eastern Sea Pickle,20165,Rice Shower,https://universalis.app/market/20165,666,60,2023-05-31T06:41:05.000Z
Gauntlet Crab,20176,Bethov Thy,https://universalis.app/market/20176,350,1,2023-05-31T13:34:29.000Z
Curtain Pleco,20138,Mae Filaree,https://universalis.app/market/20138,2000,2,2023-06-04T10:48:27.000Z
Steppe Bullfrog,20191,Yu Zu,https://universalis.app/market/20191,6990,12,2023-05-28T05:28:00.000Z
Sea Lamp,20198,Rice Shower,https://universalis.app/market/20198,2000,5,2023-05-31T06:45:32.000Z
Spiny Lobster,20209,Murakumo Nei,https://universalis.app/market/20209,6777,2,2023-06-01T00:01:06.000Z
Koromo Octopus,20105,Blue Haze,https://universalis.app/market/20105,1398,12,2023-05-15T10:42:17.000Z
Motley Beakfish,20226,Grimsveldr Dvraesgard,https://universalis.app/market/20226,1000,1,2023-06-07T22:21:23.000Z
Lumythrite Ore,14148,Lore Raventys,https://universalis.app/market/14148,9980,14,2023-06-03T20:13:00.000Z
Palladium Ore,19958,Lane Myer,https://universalis.app/market/19958,747,6,2023-05-20T00:50:47.000Z
Chromite Ore,19959,Zana'tan Quowaital,https://universalis.app/market/19959,3000,1,2023-05-24T18:19:43.000Z
Torreya Log,19934,Ryuk Yagami,https://universalis.app/market/19934,1100,10,2023-05-31T15:46:34.000Z
Rhea,19991,Few Yew,https://universalis.app/market/19991,402,6,2023-05-30T05:35:30.000Z
Gyr Abanian Spring Water,21085,Vasella Ontagini,https://universalis.app/market/21085,100,8,2023-05-15T03:08:05.000Z
Silvergrace Ore,22418,Reingart Reed,https://universalis.app/market/22418,90,20,2023-05-21T03:12:11.000Z
Black Willow Log,22419,Dark Sunshine,https://universalis.app/market/22419,970,16,2023-06-08T00:15:44.000Z
Hingan Flax,22420,Kelito Kelulito,https://universalis.app/market/22420,699,48,2023-05-14T23:24:34.000Z
Usuginu Octopus,22393,David Henry,https://universalis.app/market/22393,2007,2,2023-06-06T17:30:18.000Z
Hawk's Eye,23179,Nyx West,https://universalis.app/market/23179,1650,2,2023-05-18T22:30:37.000Z
Hardened Veteran Tree Sap,23180,Juichi Mikazuki,https://universalis.app/market/23180,2499,99,2023-05-28T18:08:28.000Z
Azim Spring Water,24255,Vlad Strife,https://universalis.app/market/24255,1000,13,2023-05-28T20:04:55.000Z
Gyr Abanian Ore,24240,Vlad Strife,https://universalis.app/market/24240,490,99,2023-05-28T20:03:53.000Z
Evergleam Ore,24241,Srey Las,https://universalis.app/market/24241,5000,3,2023-05-26T18:33:46.000Z
Urunday Log,24242,Grier Grien,https://universalis.app/market/24242,22,75,2023-06-04T02:05:59.000Z
Yanxian Cotton Boll,24243,Kelito Kelulito,https://universalis.app/market/24243,69,30,2023-05-24T02:09:53.000Z
Island Wolf Fang,27798,Amunaptra Atem,https://universalis.app/market/27798,620,1,2023-05-16T03:12:53.000Z
Smilodon Skin,27732,Minako Kinomoto,https://universalis.app/market/27732,1000,8,2023-05-19T19:41:08.000Z
Hoptrap Leaf,27763,Lanneiros Amastacia,https://universalis.app/market/27763,6969,1,2023-05-24T16:20:05.000Z
Silkmoth Scales,27764,Emrys Arthur,https://universalis.app/market/27764,1500,5,2023-06-09T00:51:38.000Z
Rail Tenderloin,27850,Lalasa Lasa,https://universalis.app/market/27850,500,1,2023-05-16T05:16:00.000Z
Green Glider Skin,27733,Kate Tayuun,https://universalis.app/market/27733,1200,6,2023-06-10T01:40:38.000Z
Lorikeet Down,27797,Bernard Brisbois,https://universalis.app/market/27797,1200,4,2023-05-20T03:45:28.000Z
Lorikeet Egg,27851,Allister Crescent,https://universalis.app/market/27851,299,6,2023-06-08T18:57:44.000Z
Atrociraptor Skin,27734,Cassae Miyu,https://universalis.app/market/27734,1100,5,2023-06-02T23:09:48.000Z
Vampire Cup Vine,27773,Artesia Daikun,https://universalis.app/market/27773,1000,5,2023-06-05T14:15:41.000Z
Vampire Vine Sap,27774,Bubusu Busu,https://universalis.app/market/27774,6000,1,2023-05-25T04:32:26.000Z
Ovim Meat,27852,W'enaari Nimei,https://universalis.app/market/27852,2500,3,2023-05-24T12:51:06.000Z
Zonure Skin,27735,Genjito Ishvara,https://universalis.app/market/27735,1599,6,2023-06-09T01:17:45.000Z
Ovim Fleece,27756,Kai Luxora,https://universalis.app/market/27756,1100,77,2023-06-01T03:15:41.000Z
Sea Swallow Skin,27736,Dyan Zzarzy,https://universalis.app/market/27736,1500,10,2023-05-22T11:33:52.000Z
Cubus Flesh,27799,Nonrea Pewpew,https://universalis.app/market/27799,2000,1,2023-05-18T01:49:02.000Z
Hydrozoan Umbrella,27800,Breine Kierane,https://universalis.app/market/27800,1000,1,2023-05-31T17:40:43.000Z
Raw Hematite,27726,Blind Cat,https://universalis.app/market/27726,15,12,2023-06-08T22:05:48.000Z
Raw Diaspore,27727,Faine Lothaire,https://universalis.app/market/27727,100,3,2023-05-26T12:42:43.000Z
Truegold Ore,27697,Blank Slate,https://universalis.app/market/27697,1100,10,2023-05-18T21:24:23.000Z
Highland Spring Water,27968,Derpa Chief,https://universalis.app/market/27968,1000,1,2023-05-30T03:15:41.000Z
Raw Lazurite,27728,Beidou Veras,https://universalis.app/market/27728,15,54,2023-05-27T19:03:51.000Z
Bluespirit Ore,27698,Tanashi Saren,https://universalis.app/market/27698,1250,12,2023-06-08T10:27:30.000Z
Extra Effervescent Water,27776,Wynton Tomoken,https://universalis.app/market/27776,400,22,2023-05-18T04:22:13.000Z
Raw Triplite,27729,Tink Goldpetal,https://universalis.app/market/27729,14,99,2023-05-27T20:00:50.000Z
Titancopper Ore,27701,Cream Hero,https://universalis.app/market/27701,500,2,2023-05-28T15:00:18.000Z
Underground Spring Water,27782,Winkle Abides,https://universalis.app/market/27782,1300,41,2023-05-23T11:22:48.000Z
Raw Petalite,27730,Lana Piper,https://universalis.app/market/27730,1879,2,2023-05-15T14:25:06.000Z
Dimythrite Ore,27703,Flexing Pumper,https://universalis.app/market/27703,1500,10,2023-05-24T18:24:39.000Z
Yellow Alumen,27817,Yunga Shannara,https://universalis.app/market/27817,500,12,2023-05-24T01:51:08.000Z
Coarse Saltpeter,27954,Mae Chasmera,https://universalis.app/market/27954,50,2,2023-05-21T23:38:30.000Z
Hard Mudstone,27801,Zye Hun,https://universalis.app/market/27801,200,10,2023-05-31T06:28:37.000Z
Truegold Sand,27696,Mutsumi Otohime,https://universalis.app/market/27696,900,30,2023-05-18T21:42:31.000Z
Manasilver Sand,27699,Chi Yuki,https://universalis.app/market/27699,700,10,2023-05-18T00:11:01.000Z
Volcanic Tuff,27803,Koltor Masan,https://universalis.app/market/27803,599,1,2023-05-15T03:04:52.000Z
Titancopper Sand,27700,Orusroth Crown,https://universalis.app/market/27700,217,33,2023-06-09T14:39:01.000Z
Dimythrite Sand,27702,Keigo Ikari,https://universalis.app/market/27702,550,49,2023-05-17T07:00:41.000Z
Frantoio,27820,Aikos Faeluin,https://universalis.app/market/27820,5526,10,2023-05-25T00:45:53.000Z
Pixie Apple,27831,Miko Yumi,https://universalis.app/market/27831,750,2,2023-05-28T01:11:55.000Z
White Oak Log,27683,Ziana Sue,https://universalis.app/market/27683,1000,5,2023-06-03T17:54:40.000Z
Miracle Apple Log,27684,Morgana Draigo,https://universalis.app/market/27684,50,12,2023-05-18T12:39:51.000Z
White Ash Log,27685,Saya Neko-chan,https://universalis.app/market/27685,497,42,2023-05-28T00:53:37.000Z
Gianthive Chip,27834,Feanor Ilumire,https://universalis.app/market/27834,5000,15,2023-05-17T19:39:16.000Z
Amber Cloves,27821,Navabeans Divee,https://universalis.app/market/27821,5000,3,2023-05-20T01:08:38.000Z
Sandteak Log,27686,Venerrah Seithe,https://universalis.app/market/27686,990,14,2023-05-30T05:18:10.000Z
Harcot,27819,Breine Kierane,https://universalis.app/market/27819,500,2,2023-05-31T17:42:39.000Z
Lignum Vitae Log,27687,Waifu Reclaimer,https://universalis.app/market/27687,2000,1,2023-05-18T20:03:40.000Z
Night Pepper,27827,Bethov Thy,https://universalis.app/market/27827,1000,1,2023-05-31T13:18:42.000Z
Blood Tomato,27825,Zexial Urion,https://universalis.app/market/27825,2500,99,2023-05-23T16:49:23.000Z
Bright Flax,27747,Verstem Tricoal,https://universalis.app/market/27747,500,25,2023-06-06T13:39:17.000Z
Purple Carrot,27818,Nomolun Malqir,https://universalis.app/market/27818,4789,6,2023-06-01T23:05:55.000Z
Curly Parsley,27823,Kiegen Aven,https://universalis.app/market/27823,3339,6,2023-05-17T21:51:58.000Z
Broad Beans,27833,Fumino Furuhashi,https://universalis.app/market/27833,50,40,2023-05-17T17:00:54.000Z
Garden Beet,27824,Sicarius Prime,https://universalis.app/market/27824,330,20,2023-05-21T06:28:16.000Z
Iridescent Cocoon,27750,Kaida Aulelei,https://universalis.app/market/27750,528,10,2023-05-20T23:50:51.000Z
Upland Wheat,27832,Tircal'a Lomivehte,https://universalis.app/market/27832,1500,5,2023-05-18T03:44:58.000Z
Peppermint,27836,Kerttu Laerke,https://universalis.app/market/27836,600,13,2023-06-04T00:09:08.000Z
Pixie Floss Boll,27753,Volgaris Ephixis,https://universalis.app/market/27753,299,13,2023-05-31T16:53:19.000Z
Creamtop Mushroom,27829,Theo Deadwood,https://universalis.app/market/27829,1989,1,2023-05-17T21:55:07.000Z
Royal Grapes,27826,Linca Faelan,https://universalis.app/market/27826,400,10,2023-06-09T02:07:21.000Z
Russet Popoto,27822,Hatia Tsyuki,https://universalis.app/market/27822,57,8,2023-05-30T08:45:30.000Z
Sweet Alyssum,27779,Emanyueru Kings,https://universalis.app/market/27779,2500,99,2023-05-23T11:36:02.000Z
Fernleaf Lavender,27780,Sahiri Lucilfer,https://universalis.app/market/27780,2999,99,2023-05-23T16:22:58.000Z
Coffee Beans,27837,Doja Cat,https://universalis.app/market/27837,1000,3,2023-05-29T14:23:00.000Z
Bomba Rice,27830,Griselda Majashir,https://universalis.app/market/27830,1000,11,2023-05-16T14:25:43.000Z
Lime Basil,27783,Xainielle Ninko,https://universalis.app/market/27783,2495,6,2023-06-06T02:14:08.000Z
Tiger Lily,27784,Xalu Ras,https://universalis.app/market/27784,1800,6,2023-05-21T05:57:35.000Z
Light Gerbera,27785,Derravek Undecisive,https://universalis.app/market/27785,5005,1,2023-05-19T19:48:38.000Z
Mist Spinach,27828,Henriquette Dandolo,https://universalis.app/market/27828,525,7,2023-05-30T19:42:06.000Z
Dwarven Cotton Boll,27759,Ofelia Griffa,https://universalis.app/market/27759,2000,2,2023-05-19T22:41:32.000Z
Sand Egg,27462,Gunnvaldr Ragnarsson,https://universalis.app/market/27462,750,7,2023-06-05T00:56:13.000Z
Spearhead Squid,27457,Ziana Sue,https://universalis.app/market/27457,5000,4,2023-06-10T23:43:34.000Z
Cherry Herring,27473,Gunnvaldr Ragnarsson,https://universalis.app/market/27473,199,8,2023-06-05T01:23:49.000Z
Lemonfish,27475,Namisu Tsunderere,https://universalis.app/market/27475,1100,1,2023-06-04T14:23:41.000Z
Black Tri-star,27483,Rice Shower,https://universalis.app/market/27483,3008,5,2023-05-31T07:11:16.000Z
Little Flirt,27540,Aurii Margie,https://universalis.app/market/27540,1069,1,2023-05-22T21:14:51.000Z
Gourmand Crab,27571,D'lyxna Tia,https://universalis.app/market/27571,418,10,2023-05-23T20:09:00.000Z
Megapiranha,27576,Wren Ohmsford,https://universalis.app/market/27576,2996,7,2023-06-06T15:35:41.000Z
Rose Shrimp,27451,Fumino Furuhashi,https://universalis.app/market/27451,332,6,2023-05-17T18:14:05.000Z
Sweetflesh Oyster,27513,Lanneiros Amastacia,https://universalis.app/market/27513,994,4,2023-06-04T01:15:48.000Z
Raw Onyx,27731,Yukiyo Kakita,https://universalis.app/market/27731,4500,15,2023-05-23T19:17:09.000Z
Prismstone,27705,Sabrina Hart,https://universalis.app/market/27705,6500,9,2023-05-31T02:53:10.000Z
Tungsten Ore,27704,Rion Abyssu,https://universalis.app/market/27704,865,32,2023-05-23T11:12:23.000Z
Lemonette,27835,Breine Kierane,https://universalis.app/market/27835,1000,1,2023-05-31T17:43:39.000Z
Sandalwood Log,27688,Luna Duskweaver,https://universalis.app/market/27688,1500,36,2023-06-04T02:18:15.000Z
Ethereal Cocoon,27761,Kaya Ryuun,https://universalis.app/market/27761,302,13,2023-05-26T05:30:58.000Z
Merbau Log,29972,Eorzean Star,https://universalis.app/market/29972,888,61,2023-05-17T12:21:51.000Z
Duskblooms,29974,Some Legend,https://universalis.app/market/29974,1717,12,2023-05-15T22:45:58.000Z
Imperial Fern,29978,Kalythria Duskwillow,https://universalis.app/market/29978,490,2,2023-06-01T01:25:36.000Z
Brashgold Ore,30486,Lodencilly Rui,https://universalis.app/market/30486,2000,2,2023-05-17T05:23:58.000Z
Tender Dill,30485,Lucca Lothar,https://universalis.app/market/30485,1000,95,2023-06-02T18:51:58.000Z
Blue Crab,30487,Yvonne Ahljembja,https://universalis.app/market/30487,1932,1,2023-05-24T18:50:35.000Z
Tektite,13759,Tirius Aldamar,https://universalis.app/market/13759,202,1,2023-05-16T03:42:57.000Z
Eventide Jade,13760,Shady Knight,https://universalis.app/market/13760,10,56,2023-05-25T10:55:00.000Z
Fossilized Dragon Bone,13761,Kuku Zuguda,https://universalis.app/market/13761,500,1,2023-05-16T00:21:43.000Z
Periwinkle,13762,Yamichka Honmicha,https://universalis.app/market/13762,190,1,2023-06-07T23:50:14.000Z
Cloud Mushroom,13763,Roo Iam,https://universalis.app/market/13763,4997,16,2023-05-20T04:43:55.000Z
Wind Widow,13764,Yamichka Honmicha,https://universalis.app/market/13764,250,10,2023-06-05T10:51:01.000Z
White Oak Branch,27816,Chigusa Obinata,https://universalis.app/market/27816,2998,10,2023-05-20T23:38:52.000Z
Silver Beech Log,32950,Lhei Tayuun,https://universalis.app/market/32950,115,5,2023-05-14T18:05:23.000Z
Dolomite,32951,Artimist Sol,https://universalis.app/market/32951,444,10,2023-05-30T22:40:51.000Z
Solstice Stone,32952,Silora Mizzrym,https://universalis.app/market/32952,399,46,2023-05-21T14:17:08.000Z
Raindrop Cotton Boll,32953,Elynde Lothal,https://universalis.app/market/32953,719,10,2023-05-22T07:34:27.000Z
Wattle Petribark,32954,Chizuru Mizuhara,https://universalis.app/market/32954,200,2,2023-05-28T07:37:58.000Z
Hard Water,32955,Midday Moon,https://universalis.app/market/32955,105,2,2023-05-22T20:15:00.000Z
Raw Ametrine,36174,Minnie Tyco,https://universalis.app/market/36174,332,30,2023-05-26T08:02:20.000Z
Sharlayan Rock Salt,36084,Doja Cat,https://universalis.app/market/36084,1000,5,2023-05-31T00:42:57.000Z
High Durium Sand,36162,Soren Valkyr,https://universalis.app/market/36162,4500,6,2023-05-16T01:28:01.000Z
Chloroschist,36180,Ruby Shoes,https://universalis.app/market/36180,650,1,2023-06-05T15:51:35.000Z
High Durium Ore,36163,Kurt Fahrenheit,https://universalis.app/market/36163,1000,5,2023-06-02T21:43:43.000Z
Pewter Ore,36175,Henriquette Dandolo,https://universalis.app/market/36175,500,11,2023-05-30T20:04:20.000Z
Phrygian Gold Ore,36176,Astra Archeron,https://universalis.app/market/36176,3750,4,2023-05-31T17:32:05.000Z
Eblan Alumen,36241,Shenanigans Are,https://universalis.app/market/36241,1500,5,2023-05-24T08:28:49.000Z
Bismuth Ore,36164,Y'dra Rahz,https://universalis.app/market/36164,1760,1,2023-05-18T02:09:25.000Z
Manganese Ore,36165,Y'dra Rahz,https://universalis.app/market/36165,3000,5,2023-05-29T19:58:03.000Z
Raw Blue Zircon,36177,Venase Ymir,https://universalis.app/market/36177,105,10,2023-05-29T05:42:27.000Z
Annite,36181,Niran Pragma,https://universalis.app/market/36181,1004,1,2023-06-02T02:50:41.000Z
Ambrosial Water,36263,Rua Alara,https://universalis.app/market/36263,1000,99,2023-05-16T12:22:41.000Z
Chondrite,36166,Ravi Oli,https://universalis.app/market/36166,8703,11,2023-05-23T16:10:56.000Z
Raw Star Quartz,36178,Ar'alei Undec'ima,https://universalis.app/market/36178,999,5,2023-05-26T22:30:18.000Z
Horse Chestnut Log,36190,Eko Karas,https://universalis.app/market/36190,1000,1,2023-05-22T07:08:05.000Z
Dark Hemp,36202,Anastasias Derevo,https://universalis.app/market/36202,1231,4,2023-05-28T23:26:09.000Z
Dark Rye,36083,Ersh Nito,https://universalis.app/market/36083,450,33,2023-05-22T20:42:39.000Z
Iceberg Lettuce,36088,Rayla Valdez,https://universalis.app/market/36088,750,99,2023-06-04T03:00:17.000Z
Palm Log,36191,Vero Lanuroz,https://universalis.app/market/36191,1200,5,2023-05-24T11:29:56.000Z
Palm Syrup,36086,Argon Grezz,https://universalis.app/market/36086,1000,3,2023-05-26T23:56:49.000Z
Coconut,36087,Master Puffball,https://universalis.app/market/36087,700,99,2023-05-29T22:38:23.000Z
Thavnairian Perilla Leaf,36085,Niltz Danail,https://universalis.app/market/36085,1299,5,2023-05-25T23:40:55.000Z
Thavnairian Paprika,36098,Niltz Danail,https://universalis.app/market/36098,2221,10,2023-05-25T23:38:35.000Z
Cucumber,36091,Levierre Auvillar,https://universalis.app/market/36091,850,10,2023-05-26T16:28:04.000Z
Eblan Lentils,36092,Keira Knightwalker,https://universalis.app/market/36092,997,15,2023-05-19T04:56:57.000Z
Red Pine Log,36192,Kuro Anaideia,https://universalis.app/market/36192,10000,1,2023-05-23T15:39:10.000Z
Snow Flax,36204,Letra Stratus,https://universalis.app/market/36204,2000,5,2023-06-08T15:41:10.000Z
Beet,36093,Tirso Light-,https://universalis.app/market/36093,2000,2,2023-05-18T09:32:43.000Z
Carrot of Happiness,36090,Tartina Jinx,https://universalis.app/market/36090,997,10,2023-05-22T21:58:08.000Z
Ironwood Log,36193,Momo Son,https://universalis.app/market/36193,1000,10,2023-06-09T20:09:44.000Z
Scarlet Moko Grass,36205,Ruby Shoes,https://universalis.app/market/36205,800,8,2023-06-01T12:43:28.000Z
Sykon,36096,Lorxiros Elthan,https://universalis.app/market/36096,900,1,2023-05-22T17:37:18.000Z
Giant Popoto,36089,Sosuke Mohren,https://universalis.app/market/36089,2388,99,2023-05-27T03:00:05.000Z
Elder Nutmeg Seeds,36095,Gwydion Don,https://universalis.app/market/36095,1998,99,2023-05-27T10:16:17.000Z
Sideritis Leaves,36094,Felix Sunblade,https://universalis.app/market/36094,750,99,2023-06-09T03:47:24.000Z
Integral Log,36194,Rei Kiyama,https://universalis.app/market/36194,1997,14,2023-06-06T16:18:15.000Z
AR-Caean Cotton Boll,36206,Von Ronva,https://universalis.app/market/36206,3000,1,2023-05-15T01:57:59.000Z
Alien Onion,36097,Coca-cola San,https://universalis.app/market/36097,700,3,2023-05-26T01:34:11.000Z
Gaja Hide,36242,Soren Valkyr,https://universalis.app/market/36242,2445,1,2023-05-16T01:24:27.000Z
Hamsa Tenderloin,36253,S'tone Tia,https://universalis.app/market/36253,450,3,2023-06-07T20:09:56.000Z
Amra,36264,Lorelei Goswell,https://universalis.app/market/36264,1000,15,2023-06-09T07:57:04.000Z
Luncheon Toad Skin,36243,Reve Noir,https://universalis.app/market/36243,10000,21,2023-05-18T23:11:40.000Z
Almasty Fur,36203,Misty Blade,https://universalis.app/market/36203,10000,6,2023-05-25T01:38:34.000Z
Saiga Hide,36244,Luna Frea,https://universalis.app/market/36244,1000,10,2023-06-08T18:39:35.000Z
Ovibos Milk,36255,Ninako Zinnia,https://universalis.app/market/36255,1547,99,2023-05-30T00:45:30.000Z
Yakow Chuck,36254,Seanzzie Lightheart,https://universalis.app/market/36254,1700,3,2023-05-28T21:40:26.000Z
Lunatender Blossom,36258,Kakudate Karin,https://universalis.app/market/36258,10000,11,2023-05-27T00:36:43.000Z
Mousse Flesh,36257,Conmiester Aislinn,https://universalis.app/market/36257,4899,4,2023-06-05T22:50:28.000Z
Dynamite Ash,36259,Aemlus Karlc,https://universalis.app/market/36259,480,1,2023-05-31T03:29:05.000Z
Kumbhira Skin,36245,Shenanigans Are,https://universalis.app/market/36245,773,25,2023-05-22T09:00:36.000Z
Egg of Elpis,36256,Kaya Skybreaker,https://universalis.app/market/36256,747,99,2023-05-20T23:59:17.000Z
Petalouda Scales,36260,Disskia Diss,https://universalis.app/market/36260,1200,4,2023-05-29T05:56:12.000Z
Ophiotauros Hide,36246,Myaka Winterborne,https://universalis.app/market/36246,3985,8,2023-05-28T00:08:59.000Z
Berkanan Sap,36261,Astragoth Ironhand,https://universalis.app/market/36261,2205,4,2023-05-22T20:38:46.000Z
Dynamis Crystal,36262,Grand Ma,https://universalis.app/market/36262,5000,1,2023-06-02T04:50:55.000Z
Bird of Elpis Breast,36630,Vast Peach,https://universalis.app/market/36630,450,4,2023-05-15T16:17:12.000Z
Northern Herring,36386,Soren Valkyr,https://universalis.app/market/36386,2500,5,2023-05-15T23:35:37.000Z
Spiny King Crab,36523,Doctor Bedlam,https://universalis.app/market/36523,4000,21,2023-06-07T22:03:53.000Z
Icepike,36459,Gunnvaldr Ragnarsson,https://universalis.app/market/36459,300,3,2023-05-15T12:48:49.000Z
Grey Mullet,36569,Reimi Ayakase,https://universalis.app/market/36569,2500,1,2023-05-29T00:33:49.000Z
Shallows Cod,36536,Hana Erebus,https://universalis.app/market/36536,743,1,2023-05-14T21:35:03.000Z
Ruby-spotted Crab,36551,Thormod Shade,https://universalis.app/market/36551,5000,1,2023-06-04T14:31:34.000Z
Macrobrachium Lar,36409,Norafinnia Alukardd,https://universalis.app/market/36409,18996,3,2023-05-28T14:40:16.000Z
Dream Pickle,36555,Madame Darkwind,https://universalis.app/market/36555,9000,15,2023-05-28T11:39:54.000Z
Protomyke #987,36471,Rice Shower,https://universalis.app/market/36471,10001,3,2023-05-31T07:26:29.000Z
Rummy-nosed Tetra,36541,Salvador Lali,https://universalis.app/market/36541,7500,3,2023-06-04T00:13:17.000Z
Stonehard Water,36215,Ahlei'ra Kura,https://universalis.app/market/36215,74,99,2023-05-21T21:27:51.000Z
Rime Dolomite,36216,Rivienne Nightingale,https://universalis.app/market/36216,548,31,2023-05-29T01:19:53.000Z
Lunar Adamantite Ore,36167,Vanitas Vestra,https://universalis.app/market/36167,996,12,2023-05-16T04:40:56.000Z
Rhodium Sand,36179,Wuul Quind,https://universalis.app/market/36179,250,17,2023-05-26T21:16:43.000Z
Potent Spice,36214,Ahlei'ra Kura,https://universalis.app/market/36214,139,84,2023-05-21T21:25:34.000Z
Mempisang Log,36195,Vanitas Vestra,https://universalis.app/market/36195,494,99,2023-05-16T04:43:02.000Z
Golden Cocoon,36207,Surya Nae,https://universalis.app/market/36207,302,9,2023-05-26T06:28:01.000Z
Double-edged Herb,36217,Ahlei'ra Kura,https://universalis.app/market/36217,1689,38,2023-05-21T21:26:50.000Z
Raw Eblan Danburite,37279,Nythyx Thunderstaff,https://universalis.app/market/37279,394,24,2023-05-22T20:14:26.000Z
Thavnairian Corn,37278,Nemaine Sylverstep,https://universalis.app/market/37278,245,8,2023-06-04T19:50:51.000Z
Raw Rutilated Quartz,37817,Luna Frea,https://universalis.app/market/37817,999,1,2023-05-19T20:32:28.000Z
Ilmenite,37820,Mighty Thighs,https://universalis.app/market/37820,4000,1,2023-05-27T08:26:43.000Z
Ash Diatomite,37822,Cleeb Enosnas,https://universalis.app/market/37822,390,99,2023-05-16T22:42:42.000Z
Paldao Log,37818,Grimm Semblance,https://universalis.app/market/37818,1580,48,2023-05-25T18:47:46.000Z
Haritaki,37819,Nyan Sidd,https://universalis.app/market/37819,1500,1,2023-05-15T04:59:41.000Z
Bayberry,37821,Veles Arziant,https://universalis.app/market/37821,2000,23,2023-05-19T01:33:21.000Z
